,path,name
0,vase_0017/pitch_0_rot_0_fov_60_touch.png,pitch_0_rot_0_fov_60_touch.png
1,vase_0017/pitch_30_rot_45_fov_39_touch.png,pitch_30_rot_45_fov_39_touch.png
2,vase_0017/pitch_15_rot_45_fov_81_touch.png,pitch_15_rot_45_fov_81_touch.png
3,vase_0017/pitch_0_rot_-45_fov_129_touch.png,pitch_0_rot_-45_fov_129_touch.png
4,vase_0017/pitch_15_rot_0_fov_78_touch.png,pitch_15_rot_0_fov_78_touch.png
5,vase_0017/pitch_0_rot_-90_fov_60_touch.png,pitch_0_rot_-90_fov_60_touch.png
6,vase_0017/pitch_15_rot_-45_fov_26_touch.png,pitch_15_rot_-45_fov_26_touch.png
7,vase_0017/pitch_0_rot_45_fov_85_touch.png,pitch_0_rot_45_fov_85_touch.png
8,vase_0017/pitch_30_rot_90_fov_45_touch.png,pitch_30_rot_90_fov_45_touch.png
9,vase_0017/pitch_15_rot_90_fov_109_touch.png,pitch_15_rot_90_fov_109_touch.png
10,vase_0017/pitch_30_rot_-90_fov_93_touch.png,pitch_30_rot_-90_fov_93_touch.png
11,vase_0017/pitch_15_rot_-90_fov_73_touch.png,pitch_15_rot_-90_fov_73_touch.png
12,vase_0017/pitch_30_rot_0_fov_87_touch.png,pitch_30_rot_0_fov_87_touch.png
13,vase_0017/pitch_0_rot_90_fov_113_touch.png,pitch_0_rot_90_fov_113_touch.png
14,vase_0017/pitch_30_rot_-45_fov_127_touch.png,pitch_30_rot_-45_fov_127_touch.png
15,basket_004/pitch_15_rot_45_fov_65_touch.png,pitch_15_rot_45_fov_65_touch.png
16,basket_004/pitch_0_rot_0_fov_68_touch.png,pitch_0_rot_0_fov_68_touch.png
17,basket_004/pitch_30_rot_45_fov_55_touch.png,pitch_30_rot_45_fov_55_touch.png
18,basket_004/pitch_0_rot_90_fov_57_touch.png,pitch_0_rot_90_fov_57_touch.png
19,basket_004/pitch_30_rot_0_fov_76_touch.png,pitch_30_rot_0_fov_76_touch.png
20,basket_004/pitch_0_rot_-90_fov_104_touch.png,pitch_0_rot_-90_fov_104_touch.png
21,basket_004/pitch_15_rot_0_fov_87_touch.png,pitch_15_rot_0_fov_87_touch.png
22,basket_004/pitch_0_rot_-45_fov_57_touch.png,pitch_0_rot_-45_fov_57_touch.png
23,basket_004/pitch_15_rot_-45_fov_54_touch.png,pitch_15_rot_-45_fov_54_touch.png
24,basket_004/pitch_15_rot_90_fov_56_touch.png,pitch_15_rot_90_fov_56_touch.png
25,basket_004/pitch_15_rot_-90_fov_113_touch.png,pitch_15_rot_-90_fov_113_touch.png
26,basket_004/pitch_30_rot_-90_fov_88_touch.png,pitch_30_rot_-90_fov_88_touch.png
27,basket_004/pitch_30_rot_-45_fov_59_touch.png,pitch_30_rot_-45_fov_59_touch.png
28,basket_004/pitch_30_rot_90_fov_68_touch.png,pitch_30_rot_90_fov_68_touch.png
29,basket_004/pitch_0_rot_45_fov_109_touch.png,pitch_0_rot_45_fov_109_touch.png
30,desk_0108/pitch_15_rot_-90_fov_72_touch.png,pitch_15_rot_-90_fov_72_touch.png
31,desk_0108/pitch_15_rot_0_fov_130_touch.png,pitch_15_rot_0_fov_130_touch.png
32,desk_0108/pitch_0_rot_-45_fov_32_touch.png,pitch_0_rot_-45_fov_32_touch.png
33,desk_0108/pitch_30_rot_0_fov_134_touch.png,pitch_30_rot_0_fov_134_touch.png
34,desk_0108/pitch_15_rot_90_fov_52_touch.png,pitch_15_rot_90_fov_52_touch.png
35,desk_0108/pitch_0_rot_90_fov_23_touch.png,pitch_0_rot_90_fov_23_touch.png
36,desk_0108/pitch_15_rot_45_fov_83_touch.png,pitch_15_rot_45_fov_83_touch.png
37,desk_0108/pitch_0_rot_0_fov_86_touch.png,pitch_0_rot_0_fov_86_touch.png
38,desk_0108/pitch_30_rot_-45_fov_87_touch.png,pitch_30_rot_-45_fov_87_touch.png
39,desk_0108/pitch_0_rot_-90_fov_75_touch.png,pitch_0_rot_-90_fov_75_touch.png
40,desk_0108/pitch_30_rot_45_fov_50_touch.png,pitch_30_rot_45_fov_50_touch.png
41,desk_0108/pitch_0_rot_45_fov_21_touch.png,pitch_0_rot_45_fov_21_touch.png
42,desk_0108/pitch_15_rot_-45_fov_55_touch.png,pitch_15_rot_-45_fov_55_touch.png
43,desk_0108/pitch_30_rot_-90_fov_89_touch.png,pitch_30_rot_-90_fov_89_touch.png
44,desk_0108/pitch_30_rot_90_fov_80_touch.png,pitch_30_rot_90_fov_80_touch.png
45,cup_0064/pitch_15_rot_-90_fov_61_touch.png,pitch_15_rot_-90_fov_61_touch.png
46,cup_0064/pitch_15_rot_-45_fov_43_touch.png,pitch_15_rot_-45_fov_43_touch.png
47,cup_0064/pitch_0_rot_45_fov_102_touch.png,pitch_0_rot_45_fov_102_touch.png
48,cup_0064/pitch_0_rot_90_fov_70_touch.png,pitch_0_rot_90_fov_70_touch.png
49,cup_0064/pitch_0_rot_-45_fov_98_touch.png,pitch_0_rot_-45_fov_98_touch.png
50,cup_0064/pitch_30_rot_-45_fov_35_touch.png,pitch_30_rot_-45_fov_35_touch.png
51,cup_0064/pitch_15_rot_45_fov_67_touch.png,pitch_15_rot_45_fov_67_touch.png
52,cup_0064/pitch_30_rot_0_fov_112_touch.png,pitch_30_rot_0_fov_112_touch.png
53,cup_0064/pitch_15_rot_0_fov_23_touch.png,pitch_15_rot_0_fov_23_touch.png
54,cup_0064/pitch_15_rot_90_fov_80_touch.png,pitch_15_rot_90_fov_80_touch.png
55,cup_0064/pitch_30_rot_90_fov_117_touch.png,pitch_30_rot_90_fov_117_touch.png
56,cup_0064/pitch_0_rot_0_fov_73_touch.png,pitch_0_rot_0_fov_73_touch.png
57,cup_0064/pitch_30_rot_-90_fov_67_touch.png,pitch_30_rot_-90_fov_67_touch.png
58,cup_0064/pitch_0_rot_-90_fov_97_touch.png,pitch_0_rot_-90_fov_97_touch.png
59,cup_0064/pitch_30_rot_45_fov_46_touch.png,pitch_30_rot_45_fov_46_touch.png
60,basket_000/pitch_30_rot_0_fov_115_touch.png,pitch_30_rot_0_fov_115_touch.png
61,basket_000/pitch_15_rot_45_fov_29_touch.png,pitch_15_rot_45_fov_29_touch.png
62,basket_000/pitch_30_rot_45_fov_101_touch.png,pitch_30_rot_45_fov_101_touch.png
63,basket_000/pitch_15_rot_-90_fov_102_touch.png,pitch_15_rot_-90_fov_102_touch.png
64,basket_000/pitch_0_rot_90_fov_66_touch.png,pitch_0_rot_90_fov_66_touch.png
65,basket_000/pitch_30_rot_-45_fov_32_touch.png,pitch_30_rot_-45_fov_32_touch.png
66,basket_000/pitch_0_rot_45_fov_79_touch.png,pitch_0_rot_45_fov_79_touch.png
67,basket_000/pitch_15_rot_-45_fov_25_touch.png,pitch_15_rot_-45_fov_25_touch.png
68,basket_000/pitch_15_rot_90_fov_66_touch.png,pitch_15_rot_90_fov_66_touch.png
69,basket_000/pitch_0_rot_-45_fov_20_touch.png,pitch_0_rot_-45_fov_20_touch.png
70,basket_000/pitch_30_rot_-90_fov_64_touch.png,pitch_30_rot_-90_fov_64_touch.png
71,basket_000/pitch_15_rot_0_fov_32_touch.png,pitch_15_rot_0_fov_32_touch.png
72,basket_000/pitch_0_rot_0_fov_32_touch.png,pitch_0_rot_0_fov_32_touch.png
73,basket_000/pitch_0_rot_-90_fov_38_touch.png,pitch_0_rot_-90_fov_38_touch.png
74,basket_000/pitch_30_rot_90_fov_79_touch.png,pitch_30_rot_90_fov_79_touch.png
75,vase_0211/pitch_15_rot_0_fov_73_touch.png,pitch_15_rot_0_fov_73_touch.png
76,vase_0211/pitch_30_rot_90_fov_81_touch.png,pitch_30_rot_90_fov_81_touch.png
77,vase_0211/pitch_15_rot_-90_fov_42_touch.png,pitch_15_rot_-90_fov_42_touch.png
78,vase_0211/pitch_30_rot_-45_fov_38_touch.png,pitch_30_rot_-45_fov_38_touch.png
79,vase_0211/pitch_0_rot_-90_fov_73_touch.png,pitch_0_rot_-90_fov_73_touch.png
80,vase_0211/pitch_0_rot_45_fov_60_touch.png,pitch_0_rot_45_fov_60_touch.png
81,vase_0211/pitch_15_rot_90_fov_51_touch.png,pitch_15_rot_90_fov_51_touch.png
82,vase_0211/pitch_0_rot_-45_fov_81_touch.png,pitch_0_rot_-45_fov_81_touch.png
83,vase_0211/pitch_0_rot_0_fov_73_touch.png,pitch_0_rot_0_fov_73_touch.png
84,vase_0211/pitch_15_rot_45_fov_76_touch.png,pitch_15_rot_45_fov_76_touch.png
85,vase_0211/pitch_15_rot_-45_fov_80_touch.png,pitch_15_rot_-45_fov_80_touch.png
86,vase_0211/pitch_30_rot_-90_fov_96_touch.png,pitch_30_rot_-90_fov_96_touch.png
87,vase_0211/pitch_0_rot_90_fov_103_touch.png,pitch_0_rot_90_fov_103_touch.png
88,vase_0211/pitch_30_rot_45_fov_46_touch.png,pitch_30_rot_45_fov_46_touch.png
89,vase_0211/pitch_30_rot_0_fov_104_touch.png,pitch_30_rot_0_fov_104_touch.png
90,car_0134/pitch_15_rot_-90_fov_80_touch.png,pitch_15_rot_-90_fov_80_touch.png
91,car_0134/pitch_15_rot_45_fov_30_touch.png,pitch_15_rot_45_fov_30_touch.png
92,car_0134/pitch_0_rot_0_fov_44_touch.png,pitch_0_rot_0_fov_44_touch.png
93,car_0134/pitch_30_rot_-90_fov_120_touch.png,pitch_30_rot_-90_fov_120_touch.png
94,car_0134/pitch_15_rot_0_fov_53_touch.png,pitch_15_rot_0_fov_53_touch.png
95,car_0134/pitch_15_rot_90_fov_42_touch.png,pitch_15_rot_90_fov_42_touch.png
96,car_0134/pitch_30_rot_45_fov_49_touch.png,pitch_30_rot_45_fov_49_touch.png
97,car_0134/pitch_0_rot_-45_fov_20_touch.png,pitch_0_rot_-45_fov_20_touch.png
98,car_0134/pitch_15_rot_-45_fov_105_touch.png,pitch_15_rot_-45_fov_105_touch.png
99,car_0134/pitch_0_rot_45_fov_49_touch.png,pitch_0_rot_45_fov_49_touch.png
100,car_0134/pitch_0_rot_-90_fov_37_touch.png,pitch_0_rot_-90_fov_37_touch.png
101,car_0134/pitch_30_rot_0_fov_27_touch.png,pitch_30_rot_0_fov_27_touch.png
102,car_0134/pitch_30_rot_90_fov_94_touch.png,pitch_30_rot_90_fov_94_touch.png
103,car_0134/pitch_30_rot_-45_fov_55_touch.png,pitch_30_rot_-45_fov_55_touch.png
104,car_0134/pitch_0_rot_90_fov_98_touch.png,pitch_0_rot_90_fov_98_touch.png
105,birdhouse_002/pitch_30_rot_45_fov_70_touch.png,pitch_30_rot_45_fov_70_touch.png
106,birdhouse_002/pitch_0_rot_-45_fov_95_touch.png,pitch_0_rot_-45_fov_95_touch.png
107,birdhouse_002/pitch_0_rot_90_fov_38_touch.png,pitch_0_rot_90_fov_38_touch.png
108,birdhouse_002/pitch_15_rot_-90_fov_22_touch.png,pitch_15_rot_-90_fov_22_touch.png
109,birdhouse_002/pitch_15_rot_90_fov_56_touch.png,pitch_15_rot_90_fov_56_touch.png
110,birdhouse_002/pitch_30_rot_-90_fov_92_touch.png,pitch_30_rot_-90_fov_92_touch.png
111,birdhouse_002/pitch_0_rot_-90_fov_110_touch.png,pitch_0_rot_-90_fov_110_touch.png
112,birdhouse_002/pitch_30_rot_0_fov_82_touch.png,pitch_30_rot_0_fov_82_touch.png
113,birdhouse_002/pitch_0_rot_0_fov_102_touch.png,pitch_0_rot_0_fov_102_touch.png
114,birdhouse_002/pitch_15_rot_-45_fov_28_touch.png,pitch_15_rot_-45_fov_28_touch.png
115,birdhouse_002/pitch_0_rot_45_fov_85_touch.png,pitch_0_rot_45_fov_85_touch.png
116,birdhouse_002/pitch_30_rot_-45_fov_64_touch.png,pitch_30_rot_-45_fov_64_touch.png
117,birdhouse_002/pitch_15_rot_0_fov_98_touch.png,pitch_15_rot_0_fov_98_touch.png
118,birdhouse_002/pitch_30_rot_90_fov_68_touch.png,pitch_30_rot_90_fov_68_touch.png
119,birdhouse_002/pitch_15_rot_45_fov_64_touch.png,pitch_15_rot_45_fov_64_touch.png
120,bag_001/pitch_15_rot_45_fov_61_touch.png,pitch_15_rot_45_fov_61_touch.png
121,bag_001/pitch_0_rot_90_fov_116_touch.png,pitch_0_rot_90_fov_116_touch.png
122,bag_001/pitch_0_rot_-90_fov_94_touch.png,pitch_0_rot_-90_fov_94_touch.png
123,bag_001/pitch_15_rot_90_fov_104_touch.png,pitch_15_rot_90_fov_104_touch.png
124,bag_001/pitch_15_rot_-90_fov_22_touch.png,pitch_15_rot_-90_fov_22_touch.png
125,bag_001/pitch_0_rot_-45_fov_54_touch.png,pitch_0_rot_-45_fov_54_touch.png
126,bag_001/pitch_30_rot_-90_fov_64_touch.png,pitch_30_rot_-90_fov_64_touch.png
127,bag_001/pitch_15_rot_0_fov_88_touch.png,pitch_15_rot_0_fov_88_touch.png
128,bag_001/pitch_0_rot_45_fov_54_touch.png,pitch_0_rot_45_fov_54_touch.png
129,bag_001/pitch_30_rot_0_fov_124_touch.png,pitch_30_rot_0_fov_124_touch.png
130,bag_001/pitch_15_rot_-45_fov_72_touch.png,pitch_15_rot_-45_fov_72_touch.png
131,bag_001/pitch_30_rot_90_fov_36_touch.png,pitch_30_rot_90_fov_36_touch.png
132,bag_001/pitch_30_rot_-45_fov_44_touch.png,pitch_30_rot_-45_fov_44_touch.png
133,bag_001/pitch_0_rot_0_fov_50_touch.png,pitch_0_rot_0_fov_50_touch.png
134,bag_001/pitch_30_rot_45_fov_45_touch.png,pitch_30_rot_45_fov_45_touch.png
135,bag_002/pitch_15_rot_-45_fov_44_touch.png,pitch_15_rot_-45_fov_44_touch.png
136,bag_002/pitch_15_rot_0_fov_84_touch.png,pitch_15_rot_0_fov_84_touch.png
137,bag_002/pitch_30_rot_90_fov_73_touch.png,pitch_30_rot_90_fov_73_touch.png
138,bag_002/pitch_0_rot_-90_fov_41_touch.png,pitch_0_rot_-90_fov_41_touch.png
139,bag_002/pitch_15_rot_45_fov_54_touch.png,pitch_15_rot_45_fov_54_touch.png
140,bag_002/pitch_0_rot_90_fov_33_touch.png,pitch_0_rot_90_fov_33_touch.png
141,bag_002/pitch_0_rot_45_fov_106_touch.png,pitch_0_rot_45_fov_106_touch.png
142,bag_002/pitch_0_rot_-45_fov_72_touch.png,pitch_0_rot_-45_fov_72_touch.png
143,bag_002/pitch_15_rot_-90_fov_70_touch.png,pitch_15_rot_-90_fov_70_touch.png
144,bag_002/pitch_30_rot_-90_fov_88_touch.png,pitch_30_rot_-90_fov_88_touch.png
145,bag_002/pitch_30_rot_0_fov_100_touch.png,pitch_30_rot_0_fov_100_touch.png
146,bag_002/pitch_15_rot_90_fov_27_touch.png,pitch_15_rot_90_fov_27_touch.png
147,bag_002/pitch_0_rot_0_fov_129_touch.png,pitch_0_rot_0_fov_129_touch.png
148,bag_002/pitch_30_rot_45_fov_64_touch.png,pitch_30_rot_45_fov_64_touch.png
149,bag_002/pitch_30_rot_-45_fov_26_touch.png,pitch_30_rot_-45_fov_26_touch.png
150,plant_0079/pitch_15_rot_45_fov_61_touch.png,pitch_15_rot_45_fov_61_touch.png
151,plant_0079/pitch_30_rot_-90_fov_107_touch.png,pitch_30_rot_-90_fov_107_touch.png
152,plant_0079/pitch_15_rot_90_fov_106_touch.png,pitch_15_rot_90_fov_106_touch.png
153,plant_0079/pitch_30_rot_45_fov_53_touch.png,pitch_30_rot_45_fov_53_touch.png
154,plant_0079/pitch_15_rot_-90_fov_115_touch.png,pitch_15_rot_-90_fov_115_touch.png
155,plant_0079/pitch_0_rot_90_fov_90_touch.png,pitch_0_rot_90_fov_90_touch.png
156,plant_0079/pitch_15_rot_0_fov_39_touch.png,pitch_15_rot_0_fov_39_touch.png
157,plant_0079/pitch_0_rot_-90_fov_52_touch.png,pitch_0_rot_-90_fov_52_touch.png
158,plant_0079/pitch_30_rot_-45_fov_33_touch.png,pitch_30_rot_-45_fov_33_touch.png
159,plant_0079/pitch_0_rot_-45_fov_55_touch.png,pitch_0_rot_-45_fov_55_touch.png
160,plant_0079/pitch_30_rot_0_fov_55_touch.png,pitch_30_rot_0_fov_55_touch.png
161,plant_0079/pitch_15_rot_-45_fov_72_touch.png,pitch_15_rot_-45_fov_72_touch.png
162,plant_0079/pitch_0_rot_0_fov_95_touch.png,pitch_0_rot_0_fov_95_touch.png
163,plant_0079/pitch_0_rot_45_fov_100_touch.png,pitch_0_rot_45_fov_100_touch.png
164,plant_0079/pitch_30_rot_90_fov_131_touch.png,pitch_30_rot_90_fov_131_touch.png
165,table_0159/pitch_0_rot_90_fov_102_touch.png,pitch_0_rot_90_fov_102_touch.png
166,table_0159/pitch_15_rot_-45_fov_83_touch.png,pitch_15_rot_-45_fov_83_touch.png
167,table_0159/pitch_15_rot_90_fov_117_touch.png,pitch_15_rot_90_fov_117_touch.png
168,table_0159/pitch_30_rot_-90_fov_43_touch.png,pitch_30_rot_-90_fov_43_touch.png
169,table_0159/pitch_30_rot_45_fov_52_touch.png,pitch_30_rot_45_fov_52_touch.png
170,table_0159/pitch_30_rot_0_fov_93_touch.png,pitch_30_rot_0_fov_93_touch.png
171,table_0159/pitch_15_rot_45_fov_26_touch.png,pitch_15_rot_45_fov_26_touch.png
172,table_0159/pitch_0_rot_45_fov_127_touch.png,pitch_0_rot_45_fov_127_touch.png
173,table_0159/pitch_15_rot_0_fov_65_touch.png,pitch_15_rot_0_fov_65_touch.png
174,table_0159/pitch_0_rot_-45_fov_115_touch.png,pitch_0_rot_-45_fov_115_touch.png
175,table_0159/pitch_15_rot_-90_fov_99_touch.png,pitch_15_rot_-90_fov_99_touch.png
176,table_0159/pitch_0_rot_-90_fov_59_touch.png,pitch_0_rot_-90_fov_59_touch.png
177,table_0159/pitch_30_rot_90_fov_30_touch.png,pitch_30_rot_90_fov_30_touch.png
178,table_0159/pitch_30_rot_-45_fov_55_touch.png,pitch_30_rot_-45_fov_55_touch.png
179,table_0159/pitch_0_rot_0_fov_49_touch.png,pitch_0_rot_0_fov_49_touch.png
180,birdhouse_001/pitch_15_rot_45_fov_61_touch.png,pitch_15_rot_45_fov_61_touch.png
181,birdhouse_001/pitch_30_rot_0_fov_51_touch.png,pitch_30_rot_0_fov_51_touch.png
182,birdhouse_001/pitch_0_rot_-45_fov_84_touch.png,pitch_0_rot_-45_fov_84_touch.png
183,birdhouse_001/pitch_30_rot_45_fov_84_touch.png,pitch_30_rot_45_fov_84_touch.png
184,birdhouse_001/pitch_30_rot_-45_fov_35_touch.png,pitch_30_rot_-45_fov_35_touch.png
185,birdhouse_001/pitch_0_rot_0_fov_72_touch.png,pitch_0_rot_0_fov_72_touch.png
186,birdhouse_001/pitch_0_rot_90_fov_107_touch.png,pitch_0_rot_90_fov_107_touch.png
187,birdhouse_001/pitch_15_rot_-90_fov_112_touch.png,pitch_15_rot_-90_fov_112_touch.png
188,birdhouse_001/pitch_15_rot_0_fov_43_touch.png,pitch_15_rot_0_fov_43_touch.png
189,birdhouse_001/pitch_0_rot_-90_fov_42_touch.png,pitch_0_rot_-90_fov_42_touch.png
190,birdhouse_001/pitch_15_rot_90_fov_70_touch.png,pitch_15_rot_90_fov_70_touch.png
191,birdhouse_001/pitch_15_rot_-45_fov_85_touch.png,pitch_15_rot_-45_fov_85_touch.png
192,birdhouse_001/pitch_0_rot_45_fov_47_touch.png,pitch_0_rot_45_fov_47_touch.png
193,birdhouse_001/pitch_30_rot_90_fov_49_touch.png,pitch_30_rot_90_fov_49_touch.png
194,birdhouse_001/pitch_30_rot_-90_fov_85_touch.png,pitch_30_rot_-90_fov_85_touch.png
195,bag_004/pitch_15_rot_90_fov_67_touch.png,pitch_15_rot_90_fov_67_touch.png
196,bag_004/pitch_15_rot_-45_fov_34_touch.png,pitch_15_rot_-45_fov_34_touch.png
197,bag_004/pitch_0_rot_90_fov_36_touch.png,pitch_0_rot_90_fov_36_touch.png
198,bag_004/pitch_15_rot_0_fov_75_touch.png,pitch_15_rot_0_fov_75_touch.png
199,bag_004/pitch_30_rot_0_fov_46_touch.png,pitch_30_rot_0_fov_46_touch.png
200,bag_004/pitch_30_rot_-90_fov_92_touch.png,pitch_30_rot_-90_fov_92_touch.png
201,bag_004/pitch_0_rot_-45_fov_55_touch.png,pitch_0_rot_-45_fov_55_touch.png
202,bag_004/pitch_30_rot_90_fov_99_touch.png,pitch_30_rot_90_fov_99_touch.png
203,bag_004/pitch_0_rot_0_fov_32_touch.png,pitch_0_rot_0_fov_32_touch.png
204,bag_004/pitch_0_rot_45_fov_70_touch.png,pitch_0_rot_45_fov_70_touch.png
205,bag_004/pitch_30_rot_45_fov_90_touch.png,pitch_30_rot_45_fov_90_touch.png
206,bag_004/pitch_15_rot_-90_fov_54_touch.png,pitch_15_rot_-90_fov_54_touch.png
207,bag_004/pitch_15_rot_45_fov_35_touch.png,pitch_15_rot_45_fov_35_touch.png
208,bag_004/pitch_30_rot_-45_fov_117_touch.png,pitch_30_rot_-45_fov_117_touch.png
209,bag_004/pitch_0_rot_-90_fov_25_touch.png,pitch_0_rot_-90_fov_25_touch.png
210,plant_0091/pitch_30_rot_0_fov_76_touch.png,pitch_30_rot_0_fov_76_touch.png
211,plant_0091/pitch_0_rot_-45_fov_32_touch.png,pitch_0_rot_-45_fov_32_touch.png
212,plant_0091/pitch_15_rot_45_fov_93_touch.png,pitch_15_rot_45_fov_93_touch.png
213,plant_0091/pitch_15_rot_-90_fov_23_touch.png,pitch_15_rot_-90_fov_23_touch.png
214,plant_0091/pitch_30_rot_90_fov_113_touch.png,pitch_30_rot_90_fov_113_touch.png
215,plant_0091/pitch_0_rot_0_fov_99_touch.png,pitch_0_rot_0_fov_99_touch.png
216,plant_0091/pitch_15_rot_0_fov_25_touch.png,pitch_15_rot_0_fov_25_touch.png
217,plant_0091/pitch_30_rot_45_fov_73_touch.png,pitch_30_rot_45_fov_73_touch.png
218,plant_0091/pitch_15_rot_90_fov_108_touch.png,pitch_15_rot_90_fov_108_touch.png
219,plant_0091/pitch_0_rot_45_fov_107_touch.png,pitch_0_rot_45_fov_107_touch.png
220,plant_0091/pitch_15_rot_-45_fov_100_touch.png,pitch_15_rot_-45_fov_100_touch.png
221,plant_0091/pitch_30_rot_-45_fov_64_touch.png,pitch_30_rot_-45_fov_64_touch.png
222,plant_0091/pitch_0_rot_-90_fov_36_touch.png,pitch_0_rot_-90_fov_36_touch.png
223,plant_0091/pitch_30_rot_-90_fov_66_touch.png,pitch_30_rot_-90_fov_66_touch.png
224,plant_0091/pitch_0_rot_90_fov_108_touch.png,pitch_0_rot_90_fov_108_touch.png
225,helmet_003/pitch_15_rot_-45_fov_60_touch.png,pitch_15_rot_-45_fov_60_touch.png
226,helmet_003/pitch_15_rot_0_fov_59_touch.png,pitch_15_rot_0_fov_59_touch.png
227,helmet_003/pitch_15_rot_45_fov_91_touch.png,pitch_15_rot_45_fov_91_touch.png
228,helmet_003/pitch_15_rot_-90_fov_90_touch.png,pitch_15_rot_-90_fov_90_touch.png
229,helmet_003/pitch_30_rot_-45_fov_34_touch.png,pitch_30_rot_-45_fov_34_touch.png
230,helmet_003/pitch_15_rot_90_fov_104_touch.png,pitch_15_rot_90_fov_104_touch.png
231,helmet_003/pitch_30_rot_0_fov_57_touch.png,pitch_30_rot_0_fov_57_touch.png
232,helmet_003/pitch_30_rot_45_fov_65_touch.png,pitch_30_rot_45_fov_65_touch.png
233,helmet_003/pitch_0_rot_-90_fov_43_touch.png,pitch_0_rot_-90_fov_43_touch.png
234,helmet_003/pitch_0_rot_45_fov_69_touch.png,pitch_0_rot_45_fov_69_touch.png
235,helmet_003/pitch_0_rot_-45_fov_133_touch.png,pitch_0_rot_-45_fov_133_touch.png
236,helmet_003/pitch_30_rot_-90_fov_21_touch.png,pitch_30_rot_-90_fov_21_touch.png
237,helmet_003/pitch_0_rot_0_fov_49_touch.png,pitch_0_rot_0_fov_49_touch.png
238,helmet_003/pitch_30_rot_90_fov_79_touch.png,pitch_30_rot_90_fov_79_touch.png
239,helmet_003/pitch_0_rot_90_fov_98_touch.png,pitch_0_rot_90_fov_98_touch.png
240,plant_0179/pitch_30_rot_0_fov_25_touch.png,pitch_30_rot_0_fov_25_touch.png
241,plant_0179/pitch_15_rot_45_fov_45_touch.png,pitch_15_rot_45_fov_45_touch.png
242,plant_0179/pitch_15_rot_0_fov_59_touch.png,pitch_15_rot_0_fov_59_touch.png
243,plant_0179/pitch_0_rot_90_fov_38_touch.png,pitch_0_rot_90_fov_38_touch.png
244,plant_0179/pitch_30_rot_-45_fov_32_touch.png,pitch_30_rot_-45_fov_32_touch.png
245,plant_0179/pitch_15_rot_-90_fov_85_touch.png,pitch_15_rot_-90_fov_85_touch.png
246,plant_0179/pitch_0_rot_-90_fov_87_touch.png,pitch_0_rot_-90_fov_87_touch.png
247,plant_0179/pitch_0_rot_45_fov_39_touch.png,pitch_0_rot_45_fov_39_touch.png
248,plant_0179/pitch_30_rot_45_fov_85_touch.png,pitch_30_rot_45_fov_85_touch.png
249,plant_0179/pitch_15_rot_-45_fov_63_touch.png,pitch_15_rot_-45_fov_63_touch.png
250,plant_0179/pitch_15_rot_90_fov_105_touch.png,pitch_15_rot_90_fov_105_touch.png
251,plant_0179/pitch_30_rot_90_fov_99_touch.png,pitch_30_rot_90_fov_99_touch.png
252,plant_0179/pitch_0_rot_0_fov_30_touch.png,pitch_0_rot_0_fov_30_touch.png
253,plant_0179/pitch_0_rot_-45_fov_101_touch.png,pitch_0_rot_-45_fov_101_touch.png
254,plant_0179/pitch_30_rot_-90_fov_28_touch.png,pitch_30_rot_-90_fov_28_touch.png
255,basket_003/pitch_15_rot_-90_fov_61_touch.png,pitch_15_rot_-90_fov_61_touch.png
256,basket_003/pitch_0_rot_0_fov_29_touch.png,pitch_0_rot_0_fov_29_touch.png
257,basket_003/pitch_15_rot_45_fov_71_touch.png,pitch_15_rot_45_fov_71_touch.png
258,basket_003/pitch_30_rot_-90_fov_64_touch.png,pitch_30_rot_-90_fov_64_touch.png
259,basket_003/pitch_15_rot_0_fov_32_touch.png,pitch_15_rot_0_fov_32_touch.png
260,basket_003/pitch_30_rot_-45_fov_102_touch.png,pitch_30_rot_-45_fov_102_touch.png
261,basket_003/pitch_30_rot_0_fov_43_touch.png,pitch_30_rot_0_fov_43_touch.png
262,basket_003/pitch_15_rot_-45_fov_40_touch.png,pitch_15_rot_-45_fov_40_touch.png
263,basket_003/pitch_30_rot_90_fov_97_touch.png,pitch_30_rot_90_fov_97_touch.png
264,basket_003/pitch_0_rot_-45_fov_81_touch.png,pitch_0_rot_-45_fov_81_touch.png
265,basket_003/pitch_15_rot_90_fov_58_touch.png,pitch_15_rot_90_fov_58_touch.png
266,basket_003/pitch_0_rot_-90_fov_57_touch.png,pitch_0_rot_-90_fov_57_touch.png
267,basket_003/pitch_30_rot_45_fov_102_touch.png,pitch_30_rot_45_fov_102_touch.png
268,basket_003/pitch_0_rot_90_fov_79_touch.png,pitch_0_rot_90_fov_79_touch.png
269,basket_003/pitch_0_rot_45_fov_65_touch.png,pitch_0_rot_45_fov_65_touch.png
270,lamp_0063/pitch_15_rot_90_fov_106_touch.png,pitch_15_rot_90_fov_106_touch.png
271,lamp_0063/pitch_15_rot_-90_fov_23_touch.png,pitch_15_rot_-90_fov_23_touch.png
272,lamp_0063/pitch_0_rot_90_fov_91_touch.png,pitch_0_rot_90_fov_91_touch.png
273,lamp_0063/pitch_15_rot_-45_fov_47_touch.png,pitch_15_rot_-45_fov_47_touch.png
274,lamp_0063/pitch_15_rot_45_fov_83_touch.png,pitch_15_rot_45_fov_83_touch.png
275,lamp_0063/pitch_30_rot_45_fov_32_touch.png,pitch_30_rot_45_fov_32_touch.png
276,lamp_0063/pitch_0_rot_-45_fov_66_touch.png,pitch_0_rot_-45_fov_66_touch.png
277,lamp_0063/pitch_15_rot_0_fov_33_touch.png,pitch_15_rot_0_fov_33_touch.png
278,lamp_0063/pitch_30_rot_-90_fov_54_touch.png,pitch_30_rot_-90_fov_54_touch.png
279,lamp_0063/pitch_30_rot_0_fov_23_touch.png,pitch_30_rot_0_fov_23_touch.png
280,lamp_0063/pitch_0_rot_45_fov_59_touch.png,pitch_0_rot_45_fov_59_touch.png
281,lamp_0063/pitch_0_rot_0_fov_85_touch.png,pitch_0_rot_0_fov_85_touch.png
282,lamp_0063/pitch_30_rot_90_fov_138_touch.png,pitch_30_rot_90_fov_138_touch.png
283,lamp_0063/pitch_30_rot_-45_fov_53_touch.png,pitch_30_rot_-45_fov_53_touch.png
284,lamp_0063/pitch_0_rot_-90_fov_86_touch.png,pitch_0_rot_-90_fov_86_touch.png
285,lamp_0116/pitch_15_rot_0_fov_35_touch.png,pitch_15_rot_0_fov_35_touch.png
286,lamp_0116/pitch_0_rot_90_fov_114_touch.png,pitch_0_rot_90_fov_114_touch.png
287,lamp_0116/pitch_15_rot_90_fov_106_touch.png,pitch_15_rot_90_fov_106_touch.png
288,lamp_0116/pitch_15_rot_-45_fov_34_touch.png,pitch_15_rot_-45_fov_34_touch.png
289,lamp_0116/pitch_0_rot_-45_fov_96_touch.png,pitch_0_rot_-45_fov_96_touch.png
290,lamp_0116/pitch_30_rot_45_fov_55_touch.png,pitch_30_rot_45_fov_55_touch.png
291,lamp_0116/pitch_15_rot_45_fov_104_touch.png,pitch_15_rot_45_fov_104_touch.png
292,lamp_0116/pitch_15_rot_-90_fov_42_touch.png,pitch_15_rot_-90_fov_42_touch.png
293,lamp_0116/pitch_30_rot_0_fov_93_touch.png,pitch_30_rot_0_fov_93_touch.png
294,lamp_0116/pitch_30_rot_-90_fov_84_touch.png,pitch_30_rot_-90_fov_84_touch.png
295,lamp_0116/pitch_0_rot_-90_fov_43_touch.png,pitch_0_rot_-90_fov_43_touch.png
296,lamp_0116/pitch_0_rot_0_fov_138_touch.png,pitch_0_rot_0_fov_138_touch.png
297,lamp_0116/pitch_30_rot_90_fov_21_touch.png,pitch_30_rot_90_fov_21_touch.png
298,lamp_0116/pitch_0_rot_45_fov_62_touch.png,pitch_0_rot_45_fov_62_touch.png
299,lamp_0116/pitch_30_rot_-45_fov_31_touch.png,pitch_30_rot_-45_fov_31_touch.png
300,pillow_002/pitch_0_rot_45_fov_83_touch.png,pitch_0_rot_45_fov_83_touch.png
301,pillow_002/pitch_30_rot_0_fov_24_touch.png,pitch_30_rot_0_fov_24_touch.png
302,pillow_002/pitch_0_rot_0_fov_92_touch.png,pitch_0_rot_0_fov_92_touch.png
303,pillow_002/pitch_15_rot_-90_fov_112_touch.png,pitch_15_rot_-90_fov_112_touch.png
304,pillow_002/pitch_30_rot_-45_fov_66_touch.png,pitch_30_rot_-45_fov_66_touch.png
305,pillow_002/pitch_30_rot_45_fov_28_touch.png,pitch_30_rot_45_fov_28_touch.png
306,pillow_002/pitch_0_rot_-90_fov_64_touch.png,pitch_0_rot_-90_fov_64_touch.png
307,pillow_002/pitch_15_rot_45_fov_90_touch.png,pitch_15_rot_45_fov_90_touch.png
308,pillow_002/pitch_30_rot_-90_fov_83_touch.png,pitch_30_rot_-90_fov_83_touch.png
309,pillow_002/pitch_0_rot_-45_fov_35_touch.png,pitch_0_rot_-45_fov_35_touch.png
310,pillow_002/pitch_15_rot_0_fov_55_touch.png,pitch_15_rot_0_fov_55_touch.png
311,pillow_002/pitch_15_rot_90_fov_112_touch.png,pitch_15_rot_90_fov_112_touch.png
312,pillow_002/pitch_0_rot_90_fov_109_touch.png,pitch_0_rot_90_fov_109_touch.png
313,pillow_002/pitch_30_rot_90_fov_46_touch.png,pitch_30_rot_90_fov_46_touch.png
314,pillow_002/pitch_15_rot_-45_fov_121_touch.png,pitch_15_rot_-45_fov_121_touch.png
315,bed_0012/pitch_30_rot_90_fov_62_touch.png,pitch_30_rot_90_fov_62_touch.png
316,bed_0012/pitch_15_rot_90_fov_69_touch.png,pitch_15_rot_90_fov_69_touch.png
317,bed_0012/pitch_15_rot_-45_fov_57_touch.png,pitch_15_rot_-45_fov_57_touch.png
318,bed_0012/pitch_0_rot_-90_fov_30_touch.png,pitch_0_rot_-90_fov_30_touch.png
319,bed_0012/pitch_0_rot_90_fov_83_touch.png,pitch_0_rot_90_fov_83_touch.png
320,bed_0012/pitch_30_rot_0_fov_71_touch.png,pitch_30_rot_0_fov_71_touch.png
321,bed_0012/pitch_15_rot_0_fov_117_touch.png,pitch_15_rot_0_fov_117_touch.png
322,bed_0012/pitch_30_rot_45_fov_35_touch.png,pitch_30_rot_45_fov_35_touch.png
323,bed_0012/pitch_30_rot_-45_fov_84_touch.png,pitch_30_rot_-45_fov_84_touch.png
324,bed_0012/pitch_30_rot_-90_fov_83_touch.png,pitch_30_rot_-90_fov_83_touch.png
325,bed_0012/pitch_0_rot_-45_fov_35_touch.png,pitch_0_rot_-45_fov_35_touch.png
326,bed_0012/pitch_0_rot_45_fov_47_touch.png,pitch_0_rot_45_fov_47_touch.png
327,bed_0012/pitch_15_rot_-90_fov_65_touch.png,pitch_15_rot_-90_fov_65_touch.png
328,bed_0012/pitch_15_rot_45_fov_102_touch.png,pitch_15_rot_45_fov_102_touch.png
329,bed_0012/pitch_0_rot_0_fov_31_touch.png,pitch_0_rot_0_fov_31_touch.png
330,helmet_002/pitch_0_rot_90_fov_44_touch.png,pitch_0_rot_90_fov_44_touch.png
331,helmet_002/pitch_0_rot_0_fov_24_touch.png,pitch_0_rot_0_fov_24_touch.png
332,helmet_002/pitch_15_rot_-45_fov_34_touch.png,pitch_15_rot_-45_fov_34_touch.png
333,helmet_002/pitch_15_rot_90_fov_64_touch.png,pitch_15_rot_90_fov_64_touch.png
334,helmet_002/pitch_15_rot_45_fov_51_touch.png,pitch_15_rot_45_fov_51_touch.png
335,helmet_002/pitch_0_rot_-45_fov_39_touch.png,pitch_0_rot_-45_fov_39_touch.png
336,helmet_002/pitch_30_rot_90_fov_48_touch.png,pitch_30_rot_90_fov_48_touch.png
337,helmet_002/pitch_30_rot_-45_fov_42_touch.png,pitch_30_rot_-45_fov_42_touch.png
338,helmet_002/pitch_0_rot_-90_fov_42_touch.png,pitch_0_rot_-90_fov_42_touch.png
339,helmet_002/pitch_0_rot_45_fov_59_touch.png,pitch_0_rot_45_fov_59_touch.png
340,helmet_002/pitch_15_rot_-90_fov_30_touch.png,pitch_15_rot_-90_fov_30_touch.png
341,helmet_002/pitch_30_rot_45_fov_102_touch.png,pitch_30_rot_45_fov_102_touch.png
342,helmet_002/pitch_30_rot_0_fov_65_touch.png,pitch_30_rot_0_fov_65_touch.png
343,helmet_002/pitch_30_rot_-90_fov_135_touch.png,pitch_30_rot_-90_fov_135_touch.png
344,helmet_002/pitch_15_rot_0_fov_108_touch.png,pitch_15_rot_0_fov_108_touch.png
345,car_0132/pitch_15_rot_-90_fov_122_touch.png,pitch_15_rot_-90_fov_122_touch.png
346,car_0132/pitch_0_rot_90_fov_85_touch.png,pitch_0_rot_90_fov_85_touch.png
347,car_0132/pitch_30_rot_0_fov_103_touch.png,pitch_30_rot_0_fov_103_touch.png
348,car_0132/pitch_0_rot_0_fov_100_touch.png,pitch_0_rot_0_fov_100_touch.png
349,car_0132/pitch_30_rot_90_fov_63_touch.png,pitch_30_rot_90_fov_63_touch.png
350,car_0132/pitch_0_rot_-45_fov_79_touch.png,pitch_0_rot_-45_fov_79_touch.png
351,car_0132/pitch_0_rot_45_fov_53_touch.png,pitch_0_rot_45_fov_53_touch.png
352,car_0132/pitch_30_rot_45_fov_24_touch.png,pitch_30_rot_45_fov_24_touch.png
353,car_0132/pitch_15_rot_90_fov_22_touch.png,pitch_15_rot_90_fov_22_touch.png
354,car_0132/pitch_15_rot_-45_fov_61_touch.png,pitch_15_rot_-45_fov_61_touch.png
355,car_0132/pitch_15_rot_0_fov_83_touch.png,pitch_15_rot_0_fov_83_touch.png
356,car_0132/pitch_0_rot_-90_fov_108_touch.png,pitch_0_rot_-90_fov_108_touch.png
357,car_0132/pitch_15_rot_45_fov_94_touch.png,pitch_15_rot_45_fov_94_touch.png
358,car_0132/pitch_30_rot_-90_fov_88_touch.png,pitch_30_rot_-90_fov_88_touch.png
359,car_0132/pitch_30_rot_-45_fov_53_touch.png,pitch_30_rot_-45_fov_53_touch.png
360,cup_0071/pitch_15_rot_-90_fov_126_touch.png,pitch_15_rot_-90_fov_126_touch.png
361,cup_0071/pitch_30_rot_0_fov_70_touch.png,pitch_30_rot_0_fov_70_touch.png
362,cup_0071/pitch_15_rot_45_fov_47_touch.png,pitch_15_rot_45_fov_47_touch.png
363,cup_0071/pitch_0_rot_45_fov_35_touch.png,pitch_0_rot_45_fov_35_touch.png
364,cup_0071/pitch_0_rot_-90_fov_39_touch.png,pitch_0_rot_-90_fov_39_touch.png
365,cup_0071/pitch_0_rot_90_fov_83_touch.png,pitch_0_rot_90_fov_83_touch.png
366,cup_0071/pitch_0_rot_-45_fov_55_touch.png,pitch_0_rot_-45_fov_55_touch.png
367,cup_0071/pitch_30_rot_-45_fov_81_touch.png,pitch_30_rot_-45_fov_81_touch.png
368,cup_0071/pitch_15_rot_-45_fov_92_touch.png,pitch_15_rot_-45_fov_92_touch.png
369,cup_0071/pitch_15_rot_0_fov_92_touch.png,pitch_15_rot_0_fov_92_touch.png
370,cup_0071/pitch_30_rot_90_fov_49_touch.png,pitch_30_rot_90_fov_49_touch.png
371,cup_0071/pitch_30_rot_-90_fov_36_touch.png,pitch_30_rot_-90_fov_36_touch.png
372,cup_0071/pitch_0_rot_0_fov_50_touch.png,pitch_0_rot_0_fov_50_touch.png
373,cup_0071/pitch_15_rot_90_fov_98_touch.png,pitch_15_rot_90_fov_98_touch.png
374,cup_0071/pitch_30_rot_45_fov_33_touch.png,pitch_30_rot_45_fov_33_touch.png
375,bag_000/pitch_15_rot_0_fov_44_touch.png,pitch_15_rot_0_fov_44_touch.png
376,bag_000/pitch_15_rot_90_fov_68_touch.png,pitch_15_rot_90_fov_68_touch.png
377,bag_000/pitch_30_rot_0_fov_105_touch.png,pitch_30_rot_0_fov_105_touch.png
378,bag_000/pitch_30_rot_90_fov_57_touch.png,pitch_30_rot_90_fov_57_touch.png
379,bag_000/pitch_0_rot_-45_fov_121_touch.png,pitch_0_rot_-45_fov_121_touch.png
380,bag_000/pitch_0_rot_-90_fov_70_touch.png,pitch_0_rot_-90_fov_70_touch.png
381,bag_000/pitch_0_rot_90_fov_89_touch.png,pitch_0_rot_90_fov_89_touch.png
382,bag_000/pitch_0_rot_45_fov_53_touch.png,pitch_0_rot_45_fov_53_touch.png
383,bag_000/pitch_15_rot_-45_fov_65_touch.png,pitch_15_rot_-45_fov_65_touch.png
384,bag_000/pitch_30_rot_45_fov_44_touch.png,pitch_30_rot_45_fov_44_touch.png
385,bag_000/pitch_15_rot_45_fov_43_touch.png,pitch_15_rot_45_fov_43_touch.png
386,bag_000/pitch_15_rot_-90_fov_39_touch.png,pitch_15_rot_-90_fov_39_touch.png
387,bag_000/pitch_0_rot_0_fov_76_touch.png,pitch_0_rot_0_fov_76_touch.png
388,bag_000/pitch_30_rot_-90_fov_116_touch.png,pitch_30_rot_-90_fov_116_touch.png
389,bag_000/pitch_30_rot_-45_fov_31_touch.png,pitch_30_rot_-45_fov_31_touch.png
390,airplane_0337/pitch_0_rot_90_fov_24_touch.png,pitch_0_rot_90_fov_24_touch.png
391,airplane_0337/pitch_15_rot_90_fov_104_touch.png,pitch_15_rot_90_fov_104_touch.png
392,airplane_0337/pitch_30_rot_45_fov_119_touch.png,pitch_30_rot_45_fov_119_touch.png
393,airplane_0337/pitch_0_rot_-90_fov_30_touch.png,pitch_0_rot_-90_fov_30_touch.png
394,airplane_0337/pitch_0_rot_45_fov_67_touch.png,pitch_0_rot_45_fov_67_touch.png
395,airplane_0337/pitch_15_rot_-45_fov_68_touch.png,pitch_15_rot_-45_fov_68_touch.png
396,airplane_0337/pitch_15_rot_-90_fov_29_touch.png,pitch_15_rot_-90_fov_29_touch.png
397,airplane_0337/pitch_0_rot_0_fov_85_touch.png,pitch_0_rot_0_fov_85_touch.png
398,airplane_0337/pitch_15_rot_0_fov_48_touch.png,pitch_15_rot_0_fov_48_touch.png
399,airplane_0337/pitch_30_rot_0_fov_111_touch.png,pitch_30_rot_0_fov_111_touch.png
400,airplane_0337/pitch_30_rot_90_fov_49_touch.png,pitch_30_rot_90_fov_49_touch.png
401,airplane_0337/pitch_30_rot_-45_fov_98_touch.png,pitch_30_rot_-45_fov_98_touch.png
402,airplane_0337/pitch_30_rot_-90_fov_36_touch.png,pitch_30_rot_-90_fov_36_touch.png
403,airplane_0337/pitch_15_rot_45_fov_124_touch.png,pitch_15_rot_45_fov_124_touch.png
404,airplane_0337/pitch_0_rot_-45_fov_64_touch.png,pitch_0_rot_-45_fov_64_touch.png
405,airplane_0415/pitch_30_rot_45_fov_31_touch.png,pitch_30_rot_45_fov_31_touch.png
406,airplane_0415/pitch_15_rot_-90_fov_120_touch.png,pitch_15_rot_-90_fov_120_touch.png
407,airplane_0415/pitch_0_rot_0_fov_97_touch.png,pitch_0_rot_0_fov_97_touch.png
408,airplane_0415/pitch_0_rot_-45_fov_78_touch.png,pitch_0_rot_-45_fov_78_touch.png
409,airplane_0415/pitch_30_rot_0_fov_64_touch.png,pitch_30_rot_0_fov_64_touch.png
410,airplane_0415/pitch_0_rot_-90_fov_70_touch.png,pitch_0_rot_-90_fov_70_touch.png
411,airplane_0415/pitch_15_rot_90_fov_80_touch.png,pitch_15_rot_90_fov_80_touch.png
412,airplane_0415/pitch_15_rot_45_fov_55_touch.png,pitch_15_rot_45_fov_55_touch.png
413,airplane_0415/pitch_15_rot_-45_fov_53_touch.png,pitch_15_rot_-45_fov_53_touch.png
414,airplane_0415/pitch_30_rot_-90_fov_36_touch.png,pitch_30_rot_-90_fov_36_touch.png
415,airplane_0415/pitch_15_rot_0_fov_77_touch.png,pitch_15_rot_0_fov_77_touch.png
416,airplane_0415/pitch_30_rot_-45_fov_25_touch.png,pitch_30_rot_-45_fov_25_touch.png
417,airplane_0415/pitch_30_rot_90_fov_95_touch.png,pitch_30_rot_90_fov_95_touch.png
418,airplane_0415/pitch_0_rot_45_fov_98_touch.png,pitch_0_rot_45_fov_98_touch.png
419,airplane_0415/pitch_0_rot_90_fov_98_touch.png,pitch_0_rot_90_fov_98_touch.png
420,bottle_0296/pitch_15_rot_0_fov_101_touch.png,pitch_15_rot_0_fov_101_touch.png
421,bottle_0296/pitch_15_rot_90_fov_69_touch.png,pitch_15_rot_90_fov_69_touch.png
422,bottle_0296/pitch_0_rot_0_fov_90_touch.png,pitch_0_rot_0_fov_90_touch.png
423,bottle_0296/pitch_30_rot_-45_fov_74_touch.png,pitch_30_rot_-45_fov_74_touch.png
424,bottle_0296/pitch_30_rot_0_fov_107_touch.png,pitch_30_rot_0_fov_107_touch.png
425,bottle_0296/pitch_15_rot_-45_fov_87_touch.png,pitch_15_rot_-45_fov_87_touch.png
426,bottle_0296/pitch_30_rot_-90_fov_83_touch.png,pitch_30_rot_-90_fov_83_touch.png
427,bottle_0296/pitch_0_rot_-90_fov_135_touch.png,pitch_0_rot_-90_fov_135_touch.png
428,bottle_0296/pitch_0_rot_45_fov_40_touch.png,pitch_0_rot_45_fov_40_touch.png
429,bottle_0296/pitch_15_rot_-90_fov_41_touch.png,pitch_15_rot_-90_fov_41_touch.png
430,bottle_0296/pitch_0_rot_90_fov_51_touch.png,pitch_0_rot_90_fov_51_touch.png
431,bottle_0296/pitch_15_rot_45_fov_59_touch.png,pitch_15_rot_45_fov_59_touch.png
432,bottle_0296/pitch_30_rot_45_fov_82_touch.png,pitch_30_rot_45_fov_82_touch.png
433,bottle_0296/pitch_0_rot_-45_fov_118_touch.png,pitch_0_rot_-45_fov_118_touch.png
434,bottle_0296/pitch_30_rot_90_fov_58_touch.png,pitch_30_rot_90_fov_58_touch.png
435,bottle_0328/pitch_15_rot_90_fov_38_touch.png,pitch_15_rot_90_fov_38_touch.png
436,bottle_0328/pitch_30_rot_-90_fov_91_touch.png,pitch_30_rot_-90_fov_91_touch.png
437,bottle_0328/pitch_15_rot_45_fov_53_touch.png,pitch_15_rot_45_fov_53_touch.png
438,bottle_0328/pitch_30_rot_0_fov_42_touch.png,pitch_30_rot_0_fov_42_touch.png
439,bottle_0328/pitch_0_rot_90_fov_133_touch.png,pitch_0_rot_90_fov_133_touch.png
440,bottle_0328/pitch_0_rot_0_fov_47_touch.png,pitch_0_rot_0_fov_47_touch.png
441,bottle_0328/pitch_15_rot_-90_fov_103_touch.png,pitch_15_rot_-90_fov_103_touch.png
442,bottle_0328/pitch_30_rot_45_fov_43_touch.png,pitch_30_rot_45_fov_43_touch.png
443,bottle_0328/pitch_0_rot_-90_fov_119_touch.png,pitch_0_rot_-90_fov_119_touch.png
444,bottle_0328/pitch_0_rot_45_fov_51_touch.png,pitch_0_rot_45_fov_51_touch.png
445,bottle_0328/pitch_15_rot_-45_fov_53_touch.png,pitch_15_rot_-45_fov_53_touch.png
446,bottle_0328/pitch_30_rot_90_fov_94_touch.png,pitch_30_rot_90_fov_94_touch.png
447,bottle_0328/pitch_30_rot_-45_fov_44_touch.png,pitch_30_rot_-45_fov_44_touch.png
448,bottle_0328/pitch_15_rot_0_fov_113_touch.png,pitch_15_rot_0_fov_113_touch.png
449,bottle_0328/pitch_0_rot_-45_fov_31_touch.png,pitch_0_rot_-45_fov_31_touch.png
450,helmet_000/pitch_15_rot_90_fov_41_touch.png,pitch_15_rot_90_fov_41_touch.png
451,helmet_000/pitch_30_rot_-90_fov_114_touch.png,pitch_30_rot_-90_fov_114_touch.png
452,helmet_000/pitch_15_rot_0_fov_73_touch.png,pitch_15_rot_0_fov_73_touch.png
453,helmet_000/pitch_0_rot_-45_fov_104_touch.png,pitch_0_rot_-45_fov_104_touch.png
454,helmet_000/pitch_15_rot_-90_fov_96_touch.png,pitch_15_rot_-90_fov_96_touch.png
455,helmet_000/pitch_0_rot_90_fov_87_touch.png,pitch_0_rot_90_fov_87_touch.png
456,helmet_000/pitch_0_rot_0_fov_104_touch.png,pitch_0_rot_0_fov_104_touch.png
457,helmet_000/pitch_30_rot_90_fov_78_touch.png,pitch_30_rot_90_fov_78_touch.png
458,helmet_000/pitch_0_rot_-90_fov_37_touch.png,pitch_0_rot_-90_fov_37_touch.png
459,helmet_000/pitch_30_rot_45_fov_99_touch.png,pitch_30_rot_45_fov_99_touch.png
460,helmet_000/pitch_30_rot_-45_fov_59_touch.png,pitch_30_rot_-45_fov_59_touch.png
461,helmet_000/pitch_0_rot_45_fov_42_touch.png,pitch_0_rot_45_fov_42_touch.png
462,helmet_000/pitch_15_rot_45_fov_82_touch.png,pitch_15_rot_45_fov_82_touch.png
463,helmet_000/pitch_15_rot_-45_fov_133_touch.png,pitch_15_rot_-45_fov_133_touch.png
464,helmet_000/pitch_30_rot_0_fov_52_touch.png,pitch_30_rot_0_fov_52_touch.png
465,bed_0296/pitch_30_rot_45_fov_110_touch.png,pitch_30_rot_45_fov_110_touch.png
466,bed_0296/pitch_15_rot_-90_fov_74_touch.png,pitch_15_rot_-90_fov_74_touch.png
467,bed_0296/pitch_30_rot_-90_fov_77_touch.png,pitch_30_rot_-90_fov_77_touch.png
468,bed_0296/pitch_0_rot_-45_fov_96_touch.png,pitch_0_rot_-45_fov_96_touch.png
469,bed_0296/pitch_30_rot_0_fov_90_touch.png,pitch_30_rot_0_fov_90_touch.png
470,bed_0296/pitch_15_rot_45_fov_80_touch.png,pitch_15_rot_45_fov_80_touch.png
471,bed_0296/pitch_30_rot_90_fov_57_touch.png,pitch_30_rot_90_fov_57_touch.png
472,bed_0296/pitch_0_rot_-90_fov_39_touch.png,pitch_0_rot_-90_fov_39_touch.png
473,bed_0296/pitch_15_rot_90_fov_77_touch.png,pitch_15_rot_90_fov_77_touch.png
474,bed_0296/pitch_0_rot_0_fov_92_touch.png,pitch_0_rot_0_fov_92_touch.png
475,bed_0296/pitch_0_rot_45_fov_28_touch.png,pitch_0_rot_45_fov_28_touch.png
476,bed_0296/pitch_15_rot_0_fov_138_touch.png,pitch_15_rot_0_fov_138_touch.png
477,bed_0296/pitch_15_rot_-45_fov_29_touch.png,pitch_15_rot_-45_fov_29_touch.png
478,bed_0296/pitch_0_rot_90_fov_113_touch.png,pitch_0_rot_90_fov_113_touch.png
479,bed_0296/pitch_30_rot_-45_fov_50_touch.png,pitch_30_rot_-45_fov_50_touch.png
480,tent_0113/pitch_0_rot_0_fov_53_touch.png,pitch_0_rot_0_fov_53_touch.png
481,tent_0113/pitch_30_rot_-90_fov_29_touch.png,pitch_30_rot_-90_fov_29_touch.png
482,tent_0113/pitch_30_rot_-45_fov_63_touch.png,pitch_30_rot_-45_fov_63_touch.png
483,tent_0113/pitch_15_rot_45_fov_91_touch.png,pitch_15_rot_45_fov_91_touch.png
484,tent_0113/pitch_30_rot_90_fov_136_touch.png,pitch_30_rot_90_fov_136_touch.png
485,tent_0113/pitch_30_rot_0_fov_93_touch.png,pitch_30_rot_0_fov_93_touch.png
486,tent_0113/pitch_15_rot_90_fov_80_touch.png,pitch_15_rot_90_fov_80_touch.png
487,tent_0113/pitch_15_rot_-90_fov_108_touch.png,pitch_15_rot_-90_fov_108_touch.png
488,tent_0113/pitch_15_rot_-45_fov_118_touch.png,pitch_15_rot_-45_fov_118_touch.png
489,tent_0113/pitch_0_rot_-90_fov_43_touch.png,pitch_0_rot_-90_fov_43_touch.png
490,tent_0113/pitch_0_rot_90_fov_110_touch.png,pitch_0_rot_90_fov_110_touch.png
491,tent_0113/pitch_0_rot_-45_fov_69_touch.png,pitch_0_rot_-45_fov_69_touch.png
492,tent_0113/pitch_0_rot_45_fov_34_touch.png,pitch_0_rot_45_fov_34_touch.png
493,tent_0113/pitch_30_rot_45_fov_46_touch.png,pitch_30_rot_45_fov_46_touch.png
494,tent_0113/pitch_15_rot_0_fov_40_touch.png,pitch_15_rot_0_fov_40_touch.png
495,cone_0109/pitch_15_rot_-45_fov_37_touch.png,pitch_15_rot_-45_fov_37_touch.png
496,cone_0109/pitch_30_rot_-45_fov_73_touch.png,pitch_30_rot_-45_fov_73_touch.png
497,cone_0109/pitch_30_rot_45_fov_58_touch.png,pitch_30_rot_45_fov_58_touch.png
498,cone_0109/pitch_0_rot_-90_fov_94_touch.png,pitch_0_rot_-90_fov_94_touch.png
499,cone_0109/pitch_15_rot_90_fov_61_touch.png,pitch_15_rot_90_fov_61_touch.png
500,cone_0109/pitch_15_rot_-90_fov_138_touch.png,pitch_15_rot_-90_fov_138_touch.png
501,cone_0109/pitch_15_rot_0_fov_53_touch.png,pitch_15_rot_0_fov_53_touch.png
502,cone_0109/pitch_15_rot_45_fov_127_touch.png,pitch_15_rot_45_fov_127_touch.png
503,cone_0109/pitch_30_rot_0_fov_125_touch.png,pitch_30_rot_0_fov_125_touch.png
504,cone_0109/pitch_0_rot_90_fov_84_touch.png,pitch_0_rot_90_fov_84_touch.png
505,cone_0109/pitch_0_rot_45_fov_90_touch.png,pitch_0_rot_45_fov_90_touch.png
506,cone_0109/pitch_30_rot_90_fov_53_touch.png,pitch_30_rot_90_fov_53_touch.png
507,cone_0109/pitch_0_rot_0_fov_61_touch.png,pitch_0_rot_0_fov_61_touch.png
508,cone_0109/pitch_30_rot_-90_fov_37_touch.png,pitch_30_rot_-90_fov_37_touch.png
509,cone_0109/pitch_0_rot_-45_fov_62_touch.png,pitch_0_rot_-45_fov_62_touch.png
510,chair_0138/pitch_15_rot_90_fov_41_touch.png,pitch_15_rot_90_fov_41_touch.png
511,chair_0138/pitch_0_rot_-90_fov_69_touch.png,pitch_0_rot_-90_fov_69_touch.png
512,chair_0138/pitch_15_rot_45_fov_91_touch.png,pitch_15_rot_45_fov_91_touch.png
513,chair_0138/pitch_30_rot_0_fov_129_touch.png,pitch_30_rot_0_fov_129_touch.png
514,chair_0138/pitch_30_rot_90_fov_116_touch.png,pitch_30_rot_90_fov_116_touch.png
515,chair_0138/pitch_30_rot_-90_fov_106_touch.png,pitch_30_rot_-90_fov_106_touch.png
516,chair_0138/pitch_15_rot_0_fov_52_touch.png,pitch_15_rot_0_fov_52_touch.png
517,chair_0138/pitch_0_rot_45_fov_130_touch.png,pitch_0_rot_45_fov_130_touch.png
518,chair_0138/pitch_15_rot_-45_fov_72_touch.png,pitch_15_rot_-45_fov_72_touch.png
519,chair_0138/pitch_0_rot_-45_fov_37_touch.png,pitch_0_rot_-45_fov_37_touch.png
520,chair_0138/pitch_30_rot_-45_fov_91_touch.png,pitch_30_rot_-45_fov_91_touch.png
521,chair_0138/pitch_0_rot_0_fov_76_touch.png,pitch_0_rot_0_fov_76_touch.png
522,chair_0138/pitch_15_rot_-90_fov_28_touch.png,pitch_15_rot_-90_fov_28_touch.png
523,chair_0138/pitch_30_rot_45_fov_127_touch.png,pitch_30_rot_45_fov_127_touch.png
524,chair_0138/pitch_0_rot_90_fov_81_touch.png,pitch_0_rot_90_fov_81_touch.png
525,desk_0003/pitch_15_rot_45_fov_29_touch.png,pitch_15_rot_45_fov_29_touch.png
526,desk_0003/pitch_30_rot_90_fov_69_touch.png,pitch_30_rot_90_fov_69_touch.png
527,desk_0003/pitch_15_rot_90_fov_84_touch.png,pitch_15_rot_90_fov_84_touch.png
528,desk_0003/pitch_0_rot_45_fov_103_touch.png,pitch_0_rot_45_fov_103_touch.png
529,desk_0003/pitch_0_rot_-90_fov_61_touch.png,pitch_0_rot_-90_fov_61_touch.png
530,desk_0003/pitch_0_rot_90_fov_91_touch.png,pitch_0_rot_90_fov_91_touch.png
531,desk_0003/pitch_30_rot_-45_fov_115_touch.png,pitch_30_rot_-45_fov_115_touch.png
532,desk_0003/pitch_15_rot_-45_fov_107_touch.png,pitch_15_rot_-45_fov_107_touch.png
533,desk_0003/pitch_15_rot_-90_fov_113_touch.png,pitch_15_rot_-90_fov_113_touch.png
534,desk_0003/pitch_30_rot_0_fov_82_touch.png,pitch_30_rot_0_fov_82_touch.png
535,desk_0003/pitch_15_rot_0_fov_29_touch.png,pitch_15_rot_0_fov_29_touch.png
536,desk_0003/pitch_0_rot_0_fov_103_touch.png,pitch_0_rot_0_fov_103_touch.png
537,desk_0003/pitch_30_rot_45_fov_89_touch.png,pitch_30_rot_45_fov_89_touch.png
538,desk_0003/pitch_0_rot_-45_fov_65_touch.png,pitch_0_rot_-45_fov_65_touch.png
539,desk_0003/pitch_30_rot_-90_fov_21_touch.png,pitch_30_rot_-90_fov_21_touch.png
540,cone_0058/pitch_0_rot_-90_fov_100_touch.png,pitch_0_rot_-90_fov_100_touch.png
541,cone_0058/pitch_0_rot_0_fov_59_touch.png,pitch_0_rot_0_fov_59_touch.png
542,cone_0058/pitch_15_rot_0_fov_26_touch.png,pitch_15_rot_0_fov_26_touch.png
543,cone_0058/pitch_30_rot_-90_fov_63_touch.png,pitch_30_rot_-90_fov_63_touch.png
544,cone_0058/pitch_30_rot_45_fov_23_touch.png,pitch_30_rot_45_fov_23_touch.png
545,cone_0058/pitch_0_rot_90_fov_24_touch.png,pitch_0_rot_90_fov_24_touch.png
546,cone_0058/pitch_15_rot_-90_fov_46_touch.png,pitch_15_rot_-90_fov_46_touch.png
547,cone_0058/pitch_15_rot_-45_fov_77_touch.png,pitch_15_rot_-45_fov_77_touch.png
548,cone_0058/pitch_0_rot_-45_fov_54_touch.png,pitch_0_rot_-45_fov_54_touch.png
549,cone_0058/pitch_30_rot_-45_fov_74_touch.png,pitch_30_rot_-45_fov_74_touch.png
550,cone_0058/pitch_15_rot_45_fov_121_touch.png,pitch_15_rot_45_fov_121_touch.png
551,cone_0058/pitch_30_rot_90_fov_66_touch.png,pitch_30_rot_90_fov_66_touch.png
552,cone_0058/pitch_15_rot_90_fov_51_touch.png,pitch_15_rot_90_fov_51_touch.png
553,cone_0058/pitch_0_rot_45_fov_85_touch.png,pitch_0_rot_45_fov_85_touch.png
554,cone_0058/pitch_30_rot_0_fov_33_touch.png,pitch_30_rot_0_fov_33_touch.png
555,bag_003/pitch_15_rot_-90_fov_36_touch.png,pitch_15_rot_-90_fov_36_touch.png
556,bag_003/pitch_30_rot_45_fov_55_touch.png,pitch_30_rot_45_fov_55_touch.png
557,bag_003/pitch_30_rot_-45_fov_41_touch.png,pitch_30_rot_-45_fov_41_touch.png
558,bag_003/pitch_0_rot_90_fov_47_touch.png,pitch_0_rot_90_fov_47_touch.png
559,bag_003/pitch_15_rot_90_fov_71_touch.png,pitch_15_rot_90_fov_71_touch.png
560,bag_003/pitch_15_rot_0_fov_50_touch.png,pitch_15_rot_0_fov_50_touch.png
561,bag_003/pitch_0_rot_0_fov_32_touch.png,pitch_0_rot_0_fov_32_touch.png
562,bag_003/pitch_30_rot_-90_fov_106_touch.png,pitch_30_rot_-90_fov_106_touch.png
563,bag_003/pitch_0_rot_45_fov_40_touch.png,pitch_0_rot_45_fov_40_touch.png
564,bag_003/pitch_15_rot_45_fov_49_touch.png,pitch_15_rot_45_fov_49_touch.png
565,bag_003/pitch_15_rot_-45_fov_75_touch.png,pitch_15_rot_-45_fov_75_touch.png
566,bag_003/pitch_0_rot_-90_fov_79_touch.png,pitch_0_rot_-90_fov_79_touch.png
567,bag_003/pitch_0_rot_-45_fov_73_touch.png,pitch_0_rot_-45_fov_73_touch.png
568,bag_003/pitch_30_rot_90_fov_46_touch.png,pitch_30_rot_90_fov_46_touch.png
569,bag_003/pitch_30_rot_0_fov_47_touch.png,pitch_30_rot_0_fov_47_touch.png
570,bowl_0009/pitch_30_rot_90_fov_62_touch.png,pitch_30_rot_90_fov_62_touch.png
571,bowl_0009/pitch_15_rot_-45_fov_49_touch.png,pitch_15_rot_-45_fov_49_touch.png
572,bowl_0009/pitch_30_rot_0_fov_93_touch.png,pitch_30_rot_0_fov_93_touch.png
573,bowl_0009/pitch_0_rot_0_fov_99_touch.png,pitch_0_rot_0_fov_99_touch.png
574,bowl_0009/pitch_15_rot_0_fov_86_touch.png,pitch_15_rot_0_fov_86_touch.png
575,bowl_0009/pitch_30_rot_-45_fov_29_touch.png,pitch_30_rot_-45_fov_29_touch.png
576,bowl_0009/pitch_0_rot_45_fov_59_touch.png,pitch_0_rot_45_fov_59_touch.png
577,bowl_0009/pitch_0_rot_-45_fov_72_touch.png,pitch_0_rot_-45_fov_72_touch.png
578,bowl_0009/pitch_30_rot_45_fov_86_touch.png,pitch_30_rot_45_fov_86_touch.png
579,bowl_0009/pitch_15_rot_-90_fov_57_touch.png,pitch_15_rot_-90_fov_57_touch.png
580,bowl_0009/pitch_0_rot_90_fov_42_touch.png,pitch_0_rot_90_fov_42_touch.png
581,bowl_0009/pitch_15_rot_90_fov_27_touch.png,pitch_15_rot_90_fov_27_touch.png
582,bowl_0009/pitch_15_rot_45_fov_118_touch.png,pitch_15_rot_45_fov_118_touch.png
583,bowl_0009/pitch_0_rot_-90_fov_96_touch.png,pitch_0_rot_-90_fov_96_touch.png
584,bowl_0009/pitch_30_rot_-90_fov_74_touch.png,pitch_30_rot_-90_fov_74_touch.png
585,airplane_0061/pitch_15_rot_45_fov_44_touch.png,pitch_15_rot_45_fov_44_touch.png
586,airplane_0061/pitch_0_rot_45_fov_50_touch.png,pitch_0_rot_45_fov_50_touch.png
587,airplane_0061/pitch_30_rot_-90_fov_44_touch.png,pitch_30_rot_-90_fov_44_touch.png
588,airplane_0061/pitch_30_rot_0_fov_123_touch.png,pitch_30_rot_0_fov_123_touch.png
589,airplane_0061/pitch_0_rot_-90_fov_52_touch.png,pitch_0_rot_-90_fov_52_touch.png
590,airplane_0061/pitch_15_rot_90_fov_77_touch.png,pitch_15_rot_90_fov_77_touch.png
591,airplane_0061/pitch_30_rot_45_fov_68_touch.png,pitch_30_rot_45_fov_68_touch.png
592,airplane_0061/pitch_30_rot_-45_fov_40_touch.png,pitch_30_rot_-45_fov_40_touch.png
593,airplane_0061/pitch_0_rot_0_fov_108_touch.png,pitch_0_rot_0_fov_108_touch.png
594,airplane_0061/pitch_15_rot_0_fov_94_touch.png,pitch_15_rot_0_fov_94_touch.png
595,airplane_0061/pitch_15_rot_-90_fov_57_touch.png,pitch_15_rot_-90_fov_57_touch.png
596,airplane_0061/pitch_15_rot_-45_fov_81_touch.png,pitch_15_rot_-45_fov_81_touch.png
597,airplane_0061/pitch_30_rot_90_fov_95_touch.png,pitch_30_rot_90_fov_95_touch.png
598,airplane_0061/pitch_0_rot_-45_fov_24_touch.png,pitch_0_rot_-45_fov_24_touch.png
599,airplane_0061/pitch_0_rot_90_fov_98_touch.png,pitch_0_rot_90_fov_98_touch.png
600,helmet_004/pitch_0_rot_0_fov_29_touch.png,pitch_0_rot_0_fov_29_touch.png
601,helmet_004/pitch_0_rot_-90_fov_53_touch.png,pitch_0_rot_-90_fov_53_touch.png
602,helmet_004/pitch_0_rot_90_fov_24_touch.png,pitch_0_rot_90_fov_24_touch.png
603,helmet_004/pitch_0_rot_-45_fov_20_touch.png,pitch_0_rot_-45_fov_20_touch.png
604,helmet_004/pitch_15_rot_90_fov_56_touch.png,pitch_15_rot_90_fov_56_touch.png
605,helmet_004/pitch_15_rot_-90_fov_33_touch.png,pitch_15_rot_-90_fov_33_touch.png
606,helmet_004/pitch_0_rot_45_fov_77_touch.png,pitch_0_rot_45_fov_77_touch.png
607,helmet_004/pitch_15_rot_0_fov_92_touch.png,pitch_15_rot_0_fov_92_touch.png
608,helmet_004/pitch_15_rot_45_fov_35_touch.png,pitch_15_rot_45_fov_35_touch.png
609,helmet_004/pitch_30_rot_-90_fov_132_touch.png,pitch_30_rot_-90_fov_132_touch.png
610,helmet_004/pitch_15_rot_-45_fov_90_touch.png,pitch_15_rot_-45_fov_90_touch.png
611,helmet_004/pitch_30_rot_-45_fov_53_touch.png,pitch_30_rot_-45_fov_53_touch.png
612,helmet_004/pitch_30_rot_0_fov_33_touch.png,pitch_30_rot_0_fov_33_touch.png
613,helmet_004/pitch_30_rot_90_fov_91_touch.png,pitch_30_rot_90_fov_91_touch.png
614,helmet_004/pitch_30_rot_45_fov_113_touch.png,pitch_30_rot_45_fov_113_touch.png
615,bottle_0163/pitch_0_rot_0_fov_53_touch.png,pitch_0_rot_0_fov_53_touch.png
616,bottle_0163/pitch_15_rot_0_fov_82_touch.png,pitch_15_rot_0_fov_82_touch.png
617,bottle_0163/pitch_15_rot_90_fov_64_touch.png,pitch_15_rot_90_fov_64_touch.png
618,bottle_0163/pitch_0_rot_90_fov_57_touch.png,pitch_0_rot_90_fov_57_touch.png
619,bottle_0163/pitch_30_rot_-45_fov_52_touch.png,pitch_30_rot_-45_fov_52_touch.png
620,bottle_0163/pitch_15_rot_-90_fov_136_touch.png,pitch_15_rot_-90_fov_136_touch.png
621,bottle_0163/pitch_30_rot_90_fov_39_touch.png,pitch_30_rot_90_fov_39_touch.png
622,bottle_0163/pitch_15_rot_-45_fov_107_touch.png,pitch_15_rot_-45_fov_107_touch.png
623,bottle_0163/pitch_0_rot_-90_fov_123_touch.png,pitch_0_rot_-90_fov_123_touch.png
624,bottle_0163/pitch_0_rot_45_fov_32_touch.png,pitch_0_rot_45_fov_32_touch.png
625,bottle_0163/pitch_0_rot_-45_fov_37_touch.png,pitch_0_rot_-45_fov_37_touch.png
626,bottle_0163/pitch_30_rot_45_fov_57_touch.png,pitch_30_rot_45_fov_57_touch.png
627,bottle_0163/pitch_15_rot_45_fov_76_touch.png,pitch_15_rot_45_fov_76_touch.png
628,bottle_0163/pitch_30_rot_0_fov_41_touch.png,pitch_30_rot_0_fov_41_touch.png
629,bottle_0163/pitch_30_rot_-90_fov_65_touch.png,pitch_30_rot_-90_fov_65_touch.png
630,bowl_0001/pitch_15_rot_-90_fov_80_touch.png,pitch_15_rot_-90_fov_80_touch.png
631,bowl_0001/pitch_30_rot_-45_fov_39_touch.png,pitch_30_rot_-45_fov_39_touch.png
632,bowl_0001/pitch_30_rot_-90_fov_69_touch.png,pitch_30_rot_-90_fov_69_touch.png
633,bowl_0001/pitch_0_rot_90_fov_90_touch.png,pitch_0_rot_90_fov_90_touch.png
634,bowl_0001/pitch_15_rot_0_fov_37_touch.png,pitch_15_rot_0_fov_37_touch.png
635,bowl_0001/pitch_30_rot_0_fov_24_touch.png,pitch_30_rot_0_fov_24_touch.png
636,bowl_0001/pitch_15_rot_-45_fov_120_touch.png,pitch_15_rot_-45_fov_120_touch.png
637,bowl_0001/pitch_30_rot_90_fov_25_touch.png,pitch_30_rot_90_fov_25_touch.png
638,bowl_0001/pitch_0_rot_-90_fov_32_touch.png,pitch_0_rot_-90_fov_32_touch.png
639,bowl_0001/pitch_15_rot_90_fov_78_touch.png,pitch_15_rot_90_fov_78_touch.png
640,bowl_0001/pitch_0_rot_0_fov_63_touch.png,pitch_0_rot_0_fov_63_touch.png
641,bowl_0001/pitch_0_rot_-45_fov_49_touch.png,pitch_0_rot_-45_fov_49_touch.png
642,bowl_0001/pitch_30_rot_45_fov_76_touch.png,pitch_30_rot_45_fov_76_touch.png
643,bowl_0001/pitch_15_rot_45_fov_87_touch.png,pitch_15_rot_45_fov_87_touch.png
644,bowl_0001/pitch_0_rot_45_fov_21_touch.png,pitch_0_rot_45_fov_21_touch.png
645,basket_002/pitch_0_rot_45_fov_45_touch.png,pitch_0_rot_45_fov_45_touch.png
646,basket_002/pitch_0_rot_90_fov_60_touch.png,pitch_0_rot_90_fov_60_touch.png
647,basket_002/pitch_30_rot_45_fov_84_touch.png,pitch_30_rot_45_fov_84_touch.png
648,basket_002/pitch_0_rot_-90_fov_29_touch.png,pitch_0_rot_-90_fov_29_touch.png
649,basket_002/pitch_15_rot_0_fov_87_touch.png,pitch_15_rot_0_fov_87_touch.png
650,basket_002/pitch_15_rot_-90_fov_89_touch.png,pitch_15_rot_-90_fov_89_touch.png
651,basket_002/pitch_15_rot_45_fov_51_touch.png,pitch_15_rot_45_fov_51_touch.png
652,basket_002/pitch_0_rot_-45_fov_75_touch.png,pitch_0_rot_-45_fov_75_touch.png
653,basket_002/pitch_30_rot_-90_fov_48_touch.png,pitch_30_rot_-90_fov_48_touch.png
654,basket_002/pitch_15_rot_-45_fov_46_touch.png,pitch_15_rot_-45_fov_46_touch.png
655,basket_002/pitch_30_rot_90_fov_104_touch.png,pitch_30_rot_90_fov_104_touch.png
656,basket_002/pitch_15_rot_90_fov_60_touch.png,pitch_15_rot_90_fov_60_touch.png
657,basket_002/pitch_0_rot_0_fov_129_touch.png,pitch_0_rot_0_fov_129_touch.png
658,basket_002/pitch_30_rot_0_fov_30_touch.png,pitch_30_rot_0_fov_30_touch.png
659,basket_002/pitch_30_rot_-45_fov_79_touch.png,pitch_30_rot_-45_fov_79_touch.png
660,tent_0081/pitch_0_rot_-45_fov_53_touch.png,pitch_0_rot_-45_fov_53_touch.png
661,tent_0081/pitch_15_rot_45_fov_65_touch.png,pitch_15_rot_45_fov_65_touch.png
662,tent_0081/pitch_0_rot_0_fov_90_touch.png,pitch_0_rot_0_fov_90_touch.png
663,tent_0081/pitch_0_rot_90_fov_45_touch.png,pitch_0_rot_90_fov_45_touch.png
664,tent_0081/pitch_15_rot_-45_fov_50_touch.png,pitch_15_rot_-45_fov_50_touch.png
665,tent_0081/pitch_15_rot_90_fov_61_touch.png,pitch_15_rot_90_fov_61_touch.png
666,tent_0081/pitch_30_rot_-45_fov_66_touch.png,pitch_30_rot_-45_fov_66_touch.png
667,tent_0081/pitch_0_rot_-90_fov_76_touch.png,pitch_0_rot_-90_fov_76_touch.png
668,tent_0081/pitch_30_rot_-90_fov_72_touch.png,pitch_30_rot_-90_fov_72_touch.png
669,tent_0081/pitch_15_rot_0_fov_92_touch.png,pitch_15_rot_0_fov_92_touch.png
670,tent_0081/pitch_30_rot_90_fov_45_touch.png,pitch_30_rot_90_fov_45_touch.png
671,tent_0081/pitch_15_rot_-90_fov_139_touch.png,pitch_15_rot_-90_fov_139_touch.png
672,tent_0081/pitch_30_rot_0_fov_41_touch.png,pitch_30_rot_0_fov_41_touch.png
673,tent_0081/pitch_30_rot_45_fov_46_touch.png,pitch_30_rot_45_fov_46_touch.png
674,tent_0081/pitch_0_rot_45_fov_109_touch.png,pitch_0_rot_45_fov_109_touch.png
675,basket_001/pitch_15_rot_-45_fov_43_touch.png,pitch_15_rot_-45_fov_43_touch.png
676,basket_001/pitch_30_rot_-45_fov_32_touch.png,pitch_30_rot_-45_fov_32_touch.png
677,basket_001/pitch_0_rot_90_fov_80_touch.png,pitch_0_rot_90_fov_80_touch.png
678,basket_001/pitch_15_rot_0_fov_87_touch.png,pitch_15_rot_0_fov_87_touch.png
679,basket_001/pitch_30_rot_0_fov_46_touch.png,pitch_30_rot_0_fov_46_touch.png
680,basket_001/pitch_0_rot_-45_fov_75_touch.png,pitch_0_rot_-45_fov_75_touch.png
681,basket_001/pitch_30_rot_45_fov_93_touch.png,pitch_30_rot_45_fov_93_touch.png
682,basket_001/pitch_15_rot_-90_fov_87_touch.png,pitch_15_rot_-90_fov_87_touch.png
683,basket_001/pitch_0_rot_0_fov_92_touch.png,pitch_0_rot_0_fov_92_touch.png
684,basket_001/pitch_0_rot_45_fov_28_touch.png,pitch_0_rot_45_fov_28_touch.png
685,basket_001/pitch_0_rot_-90_fov_20_touch.png,pitch_0_rot_-90_fov_20_touch.png
686,basket_001/pitch_15_rot_45_fov_98_touch.png,pitch_15_rot_45_fov_98_touch.png
687,basket_001/pitch_30_rot_-90_fov_66_touch.png,pitch_30_rot_-90_fov_66_touch.png
688,basket_001/pitch_15_rot_90_fov_32_touch.png,pitch_15_rot_90_fov_32_touch.png
689,basket_001/pitch_30_rot_90_fov_52_touch.png,pitch_30_rot_90_fov_52_touch.png
690,car_0195/pitch_15_rot_0_fov_82_touch.png,pitch_15_rot_0_fov_82_touch.png
691,car_0195/pitch_30_rot_90_fov_89_touch.png,pitch_30_rot_90_fov_89_touch.png
692,car_0195/pitch_0_rot_-90_fov_45_touch.png,pitch_0_rot_-90_fov_45_touch.png
693,car_0195/pitch_0_rot_-45_fov_32_touch.png,pitch_0_rot_-45_fov_32_touch.png
694,car_0195/pitch_0_rot_0_fov_56_touch.png,pitch_0_rot_0_fov_56_touch.png
695,car_0195/pitch_30_rot_45_fov_119_touch.png,pitch_30_rot_45_fov_119_touch.png
696,car_0195/pitch_0_rot_90_fov_67_touch.png,pitch_0_rot_90_fov_67_touch.png
697,car_0195/pitch_30_rot_-45_fov_70_touch.png,pitch_30_rot_-45_fov_70_touch.png
698,car_0195/pitch_30_rot_-90_fov_106_touch.png,pitch_30_rot_-90_fov_106_touch.png
699,car_0195/pitch_15_rot_90_fov_57_touch.png,pitch_15_rot_90_fov_57_touch.png
700,car_0195/pitch_15_rot_-45_fov_53_touch.png,pitch_15_rot_-45_fov_53_touch.png
701,car_0195/pitch_15_rot_-90_fov_20_touch.png,pitch_15_rot_-90_fov_20_touch.png
702,car_0195/pitch_30_rot_0_fov_35_touch.png,pitch_30_rot_0_fov_35_touch.png
703,car_0195/pitch_15_rot_45_fov_38_touch.png,pitch_15_rot_45_fov_38_touch.png
704,car_0195/pitch_0_rot_45_fov_94_touch.png,pitch_0_rot_45_fov_94_touch.png
705,helmet_001/pitch_15_rot_90_fov_67_touch.png,pitch_15_rot_90_fov_67_touch.png
706,helmet_001/pitch_15_rot_-90_fov_48_touch.png,pitch_15_rot_-90_fov_48_touch.png
707,helmet_001/pitch_0_rot_-90_fov_130_touch.png,pitch_0_rot_-90_fov_130_touch.png
708,helmet_001/pitch_30_rot_45_fov_53_touch.png,pitch_30_rot_45_fov_53_touch.png
709,helmet_001/pitch_0_rot_0_fov_52_touch.png,pitch_0_rot_0_fov_52_touch.png
710,helmet_001/pitch_15_rot_0_fov_83_touch.png,pitch_15_rot_0_fov_83_touch.png
711,helmet_001/pitch_15_rot_45_fov_139_touch.png,pitch_15_rot_45_fov_139_touch.png
712,helmet_001/pitch_30_rot_-90_fov_46_touch.png,pitch_30_rot_-90_fov_46_touch.png
713,helmet_001/pitch_15_rot_-45_fov_48_touch.png,pitch_15_rot_-45_fov_48_touch.png
714,helmet_001/pitch_0_rot_-45_fov_74_touch.png,pitch_0_rot_-45_fov_74_touch.png
715,helmet_001/pitch_30_rot_0_fov_44_touch.png,pitch_30_rot_0_fov_44_touch.png
716,helmet_001/pitch_30_rot_-45_fov_104_touch.png,pitch_30_rot_-45_fov_104_touch.png
717,helmet_001/pitch_30_rot_90_fov_58_touch.png,pitch_30_rot_90_fov_58_touch.png
718,helmet_001/pitch_0_rot_45_fov_95_touch.png,pitch_0_rot_45_fov_95_touch.png
719,helmet_001/pitch_0_rot_90_fov_98_touch.png,pitch_0_rot_90_fov_98_touch.png
720,cup_0051/pitch_30_rot_-90_fov_57_touch.png,pitch_30_rot_-90_fov_57_touch.png
721,cup_0051/pitch_0_rot_0_fov_58_touch.png,pitch_0_rot_0_fov_58_touch.png
722,cup_0051/pitch_15_rot_0_fov_47_touch.png,pitch_15_rot_0_fov_47_touch.png
723,cup_0051/pitch_30_rot_90_fov_77_touch.png,pitch_30_rot_90_fov_77_touch.png
724,cup_0051/pitch_0_rot_90_fov_124_touch.png,pitch_0_rot_90_fov_124_touch.png
725,cup_0051/pitch_15_rot_45_fov_55_touch.png,pitch_15_rot_45_fov_55_touch.png
726,cup_0051/pitch_30_rot_0_fov_99_touch.png,pitch_30_rot_0_fov_99_touch.png
727,cup_0051/pitch_0_rot_-45_fov_81_touch.png,pitch_0_rot_-45_fov_81_touch.png
728,cup_0051/pitch_30_rot_-45_fov_75_touch.png,pitch_30_rot_-45_fov_75_touch.png
729,cup_0051/pitch_30_rot_45_fov_102_touch.png,pitch_30_rot_45_fov_102_touch.png
730,cup_0051/pitch_0_rot_-90_fov_34_touch.png,pitch_0_rot_-90_fov_34_touch.png
731,cup_0051/pitch_0_rot_45_fov_95_touch.png,pitch_0_rot_45_fov_95_touch.png
732,cup_0051/pitch_15_rot_90_fov_114_touch.png,pitch_15_rot_90_fov_114_touch.png
733,cup_0051/pitch_15_rot_-90_fov_21_touch.png,pitch_15_rot_-90_fov_21_touch.png
734,cup_0051/pitch_15_rot_-45_fov_62_touch.png,pitch_15_rot_-45_fov_62_touch.png
735,bed_0335/pitch_30_rot_-45_fov_22_touch.png,pitch_30_rot_-45_fov_22_touch.png
736,bed_0335/pitch_15_rot_-90_fov_90_touch.png,pitch_15_rot_-90_fov_90_touch.png
737,bed_0335/pitch_15_rot_0_fov_21_touch.png,pitch_15_rot_0_fov_21_touch.png
738,bed_0335/pitch_30_rot_-90_fov_45_touch.png,pitch_30_rot_-90_fov_45_touch.png
739,bed_0335/pitch_15_rot_90_fov_78_touch.png,pitch_15_rot_90_fov_78_touch.png
740,bed_0335/pitch_0_rot_45_fov_53_touch.png,pitch_0_rot_45_fov_53_touch.png
741,bed_0335/pitch_0_rot_0_fov_86_touch.png,pitch_0_rot_0_fov_86_touch.png
742,bed_0335/pitch_0_rot_-90_fov_103_touch.png,pitch_0_rot_-90_fov_103_touch.png
743,bed_0335/pitch_0_rot_-45_fov_81_touch.png,pitch_0_rot_-45_fov_81_touch.png
744,bed_0335/pitch_0_rot_90_fov_51_touch.png,pitch_0_rot_90_fov_51_touch.png
745,bed_0335/pitch_30_rot_0_fov_77_touch.png,pitch_30_rot_0_fov_77_touch.png
746,bed_0335/pitch_30_rot_90_fov_61_touch.png,pitch_30_rot_90_fov_61_touch.png
747,bed_0335/pitch_15_rot_45_fov_35_touch.png,pitch_15_rot_45_fov_35_touch.png
748,bed_0335/pitch_15_rot_-45_fov_66_touch.png,pitch_15_rot_-45_fov_66_touch.png
749,bed_0335/pitch_30_rot_45_fov_59_touch.png,pitch_30_rot_45_fov_59_touch.png
750,table_0166/pitch_15_rot_0_fov_82_touch.png,pitch_15_rot_0_fov_82_touch.png
751,table_0166/pitch_0_rot_45_fov_44_touch.png,pitch_0_rot_45_fov_44_touch.png
752,table_0166/pitch_0_rot_0_fov_89_touch.png,pitch_0_rot_0_fov_89_touch.png
753,table_0166/pitch_0_rot_-90_fov_21_touch.png,pitch_0_rot_-90_fov_21_touch.png
754,table_0166/pitch_30_rot_-90_fov_78_touch.png,pitch_30_rot_-90_fov_78_touch.png
755,table_0166/pitch_0_rot_-45_fov_45_touch.png,pitch_0_rot_-45_fov_45_touch.png
756,table_0166/pitch_15_rot_-90_fov_104_touch.png,pitch_15_rot_-90_fov_104_touch.png
757,table_0166/pitch_15_rot_-45_fov_100_touch.png,pitch_15_rot_-45_fov_100_touch.png
758,table_0166/pitch_15_rot_45_fov_119_touch.png,pitch_15_rot_45_fov_119_touch.png
759,table_0166/pitch_0_rot_90_fov_65_touch.png,pitch_0_rot_90_fov_65_touch.png
760,table_0166/pitch_30_rot_45_fov_71_touch.png,pitch_30_rot_45_fov_71_touch.png
761,table_0166/pitch_30_rot_90_fov_52_touch.png,pitch_30_rot_90_fov_52_touch.png
762,table_0166/pitch_15_rot_90_fov_27_touch.png,pitch_15_rot_90_fov_27_touch.png
763,table_0166/pitch_30_rot_-45_fov_26_touch.png,pitch_30_rot_-45_fov_26_touch.png
764,table_0166/pitch_30_rot_0_fov_47_touch.png,pitch_30_rot_0_fov_47_touch.png
765,pillow_000/pitch_0_rot_-45_fov_29_touch.png,pitch_0_rot_-45_fov_29_touch.png
766,pillow_000/pitch_30_rot_45_fov_39_touch.png,pitch_30_rot_45_fov_39_touch.png
767,pillow_000/pitch_30_rot_0_fov_90_touch.png,pitch_30_rot_0_fov_90_touch.png
768,pillow_000/pitch_15_rot_-45_fov_67_touch.png,pitch_15_rot_-45_fov_67_touch.png
769,pillow_000/pitch_0_rot_-90_fov_82_touch.png,pitch_0_rot_-90_fov_82_touch.png
770,pillow_000/pitch_15_rot_45_fov_122_touch.png,pitch_15_rot_45_fov_122_touch.png
771,pillow_000/pitch_0_rot_45_fov_73_touch.png,pitch_0_rot_45_fov_73_touch.png
772,pillow_000/pitch_30_rot_-45_fov_57_touch.png,pitch_30_rot_-45_fov_57_touch.png
773,pillow_000/pitch_0_rot_0_fov_93_touch.png,pitch_0_rot_0_fov_93_touch.png
774,pillow_000/pitch_30_rot_90_fov_138_touch.png,pitch_30_rot_90_fov_138_touch.png
775,pillow_000/pitch_15_rot_-90_fov_41_touch.png,pitch_15_rot_-90_fov_41_touch.png
776,pillow_000/pitch_15_rot_90_fov_139_touch.png,pitch_15_rot_90_fov_139_touch.png
777,pillow_000/pitch_0_rot_90_fov_94_touch.png,pitch_0_rot_90_fov_94_touch.png
778,pillow_000/pitch_15_rot_0_fov_28_touch.png,pitch_15_rot_0_fov_28_touch.png
779,pillow_000/pitch_30_rot_-90_fov_89_touch.png,pitch_30_rot_-90_fov_89_touch.png
780,lamp_0016/pitch_15_rot_0_fov_82_touch.png,pitch_15_rot_0_fov_82_touch.png
781,lamp_0016/pitch_30_rot_45_fov_37_touch.png,pitch_30_rot_45_fov_37_touch.png
782,lamp_0016/pitch_15_rot_45_fov_57_touch.png,pitch_15_rot_45_fov_57_touch.png
783,lamp_0016/pitch_15_rot_-90_fov_87_touch.png,pitch_15_rot_-90_fov_87_touch.png
784,lamp_0016/pitch_30_rot_90_fov_64_touch.png,pitch_30_rot_90_fov_64_touch.png
785,lamp_0016/pitch_0_rot_0_fov_80_touch.png,pitch_0_rot_0_fov_80_touch.png
786,lamp_0016/pitch_30_rot_-45_fov_57_touch.png,pitch_30_rot_-45_fov_57_touch.png
787,lamp_0016/pitch_15_rot_-45_fov_76_touch.png,pitch_15_rot_-45_fov_76_touch.png
788,lamp_0016/pitch_15_rot_90_fov_82_touch.png,pitch_15_rot_90_fov_82_touch.png
789,lamp_0016/pitch_0_rot_90_fov_63_touch.png,pitch_0_rot_90_fov_63_touch.png
790,lamp_0016/pitch_30_rot_0_fov_124_touch.png,pitch_30_rot_0_fov_124_touch.png
791,lamp_0016/pitch_0_rot_45_fov_56_touch.png,pitch_0_rot_45_fov_56_touch.png
792,lamp_0016/pitch_0_rot_-90_fov_121_touch.png,pitch_0_rot_-90_fov_121_touch.png
793,lamp_0016/pitch_0_rot_-45_fov_68_touch.png,pitch_0_rot_-45_fov_68_touch.png
794,lamp_0016/pitch_30_rot_-90_fov_23_touch.png,pitch_30_rot_-90_fov_23_touch.png
795,desk_0179/pitch_30_rot_45_fov_31_touch.png,pitch_30_rot_45_fov_31_touch.png
796,desk_0179/pitch_15_rot_-45_fov_56_touch.png,pitch_15_rot_-45_fov_56_touch.png
797,desk_0179/pitch_30_rot_90_fov_103_touch.png,pitch_30_rot_90_fov_103_touch.png
798,desk_0179/pitch_0_rot_45_fov_24_touch.png,pitch_0_rot_45_fov_24_touch.png
799,desk_0179/pitch_15_rot_45_fov_83_touch.png,pitch_15_rot_45_fov_83_touch.png
800,desk_0179/pitch_0_rot_0_fov_78_touch.png,pitch_0_rot_0_fov_78_touch.png
801,desk_0179/pitch_0_rot_90_fov_84_touch.png,pitch_0_rot_90_fov_84_touch.png
802,desk_0179/pitch_0_rot_-45_fov_80_touch.png,pitch_0_rot_-45_fov_80_touch.png
803,desk_0179/pitch_15_rot_90_fov_128_touch.png,pitch_15_rot_90_fov_128_touch.png
804,desk_0179/pitch_15_rot_0_fov_106_touch.png,pitch_15_rot_0_fov_106_touch.png
805,desk_0179/pitch_30_rot_0_fov_39_touch.png,pitch_30_rot_0_fov_39_touch.png
806,desk_0179/pitch_0_rot_-90_fov_108_touch.png,pitch_0_rot_-90_fov_108_touch.png
807,desk_0179/pitch_30_rot_-45_fov_139_touch.png,pitch_30_rot_-45_fov_139_touch.png
808,desk_0179/pitch_30_rot_-90_fov_58_touch.png,pitch_30_rot_-90_fov_58_touch.png
809,desk_0179/pitch_15_rot_-90_fov_123_touch.png,pitch_15_rot_-90_fov_123_touch.png
810,chair_0654/pitch_15_rot_90_fov_38_touch.png,pitch_15_rot_90_fov_38_touch.png
811,chair_0654/pitch_15_rot_0_fov_22_touch.png,pitch_15_rot_0_fov_22_touch.png
812,chair_0654/pitch_15_rot_45_fov_61_touch.png,pitch_15_rot_45_fov_61_touch.png
813,chair_0654/pitch_0_rot_-90_fov_87_touch.png,pitch_0_rot_-90_fov_87_touch.png
814,chair_0654/pitch_0_rot_0_fov_72_touch.png,pitch_0_rot_0_fov_72_touch.png
815,chair_0654/pitch_30_rot_-45_fov_57_touch.png,pitch_30_rot_-45_fov_57_touch.png
816,chair_0654/pitch_0_rot_45_fov_53_touch.png,pitch_0_rot_45_fov_53_touch.png
817,chair_0654/pitch_0_rot_-45_fov_40_touch.png,pitch_0_rot_-45_fov_40_touch.png
818,chair_0654/pitch_30_rot_0_fov_57_touch.png,pitch_30_rot_0_fov_57_touch.png
819,chair_0654/pitch_15_rot_-90_fov_70_touch.png,pitch_15_rot_-90_fov_70_touch.png
820,chair_0654/pitch_30_rot_-90_fov_88_touch.png,pitch_30_rot_-90_fov_88_touch.png
821,chair_0654/pitch_15_rot_-45_fov_81_touch.png,pitch_15_rot_-45_fov_81_touch.png
822,chair_0654/pitch_30_rot_45_fov_46_touch.png,pitch_30_rot_45_fov_46_touch.png
823,chair_0654/pitch_30_rot_90_fov_27_touch.png,pitch_30_rot_90_fov_27_touch.png
824,chair_0654/pitch_0_rot_90_fov_88_touch.png,pitch_0_rot_90_fov_88_touch.png
825,tent_0134/pitch_15_rot_-90_fov_105_touch.png,pitch_15_rot_-90_fov_105_touch.png
826,tent_0134/pitch_0_rot_45_fov_129_touch.png,pitch_0_rot_45_fov_129_touch.png
827,tent_0134/pitch_0_rot_0_fov_55_touch.png,pitch_0_rot_0_fov_55_touch.png
828,tent_0134/pitch_15_rot_90_fov_113_touch.png,pitch_15_rot_90_fov_113_touch.png
829,tent_0134/pitch_30_rot_45_fov_53_touch.png,pitch_30_rot_45_fov_53_touch.png
830,tent_0134/pitch_30_rot_-90_fov_122_touch.png,pitch_30_rot_-90_fov_122_touch.png
831,tent_0134/pitch_30_rot_-45_fov_38_touch.png,pitch_30_rot_-45_fov_38_touch.png
832,tent_0134/pitch_0_rot_90_fov_32_touch.png,pitch_0_rot_90_fov_32_touch.png
833,tent_0134/pitch_0_rot_-45_fov_66_touch.png,pitch_0_rot_-45_fov_66_touch.png
834,tent_0134/pitch_30_rot_90_fov_55_touch.png,pitch_30_rot_90_fov_55_touch.png
835,tent_0134/pitch_15_rot_0_fov_25_touch.png,pitch_15_rot_0_fov_25_touch.png
836,tent_0134/pitch_15_rot_-45_fov_30_touch.png,pitch_15_rot_-45_fov_30_touch.png
837,tent_0134/pitch_15_rot_45_fov_69_touch.png,pitch_15_rot_45_fov_69_touch.png
838,tent_0134/pitch_0_rot_-90_fov_51_touch.png,pitch_0_rot_-90_fov_51_touch.png
839,tent_0134/pitch_30_rot_0_fov_97_touch.png,pitch_30_rot_0_fov_97_touch.png
840,table_0373/pitch_15_rot_90_fov_41_touch.png,pitch_15_rot_90_fov_41_touch.png
841,table_0373/pitch_30_rot_-45_fov_60_touch.png,pitch_30_rot_-45_fov_60_touch.png
842,table_0373/pitch_15_rot_45_fov_50_touch.png,pitch_15_rot_45_fov_50_touch.png
843,table_0373/pitch_0_rot_90_fov_101_touch.png,pitch_0_rot_90_fov_101_touch.png
844,table_0373/pitch_30_rot_45_fov_97_touch.png,pitch_30_rot_45_fov_97_touch.png
845,table_0373/pitch_30_rot_-90_fov_49_touch.png,pitch_30_rot_-90_fov_49_touch.png
846,table_0373/pitch_0_rot_0_fov_91_touch.png,pitch_0_rot_0_fov_91_touch.png
847,table_0373/pitch_15_rot_-45_fov_30_touch.png,pitch_15_rot_-45_fov_30_touch.png
848,table_0373/pitch_15_rot_-90_fov_57_touch.png,pitch_15_rot_-90_fov_57_touch.png
849,table_0373/pitch_15_rot_0_fov_20_touch.png,pitch_15_rot_0_fov_20_touch.png
850,table_0373/pitch_30_rot_0_fov_87_touch.png,pitch_30_rot_0_fov_87_touch.png
851,table_0373/pitch_30_rot_90_fov_106_touch.png,pitch_30_rot_90_fov_106_touch.png
852,table_0373/pitch_0_rot_-90_fov_63_touch.png,pitch_0_rot_-90_fov_63_touch.png
853,table_0373/pitch_0_rot_45_fov_82_touch.png,pitch_0_rot_45_fov_82_touch.png
854,table_0373/pitch_0_rot_-45_fov_62_touch.png,pitch_0_rot_-45_fov_62_touch.png
855,birdhouse_000/pitch_15_rot_-90_fov_61_touch.png,pitch_15_rot_-90_fov_61_touch.png
856,birdhouse_000/pitch_15_rot_90_fov_84_touch.png,pitch_15_rot_90_fov_84_touch.png
857,birdhouse_000/pitch_30_rot_90_fov_71_touch.png,pitch_30_rot_90_fov_71_touch.png
858,birdhouse_000/pitch_30_rot_-90_fov_86_touch.png,pitch_30_rot_-90_fov_86_touch.png
859,birdhouse_000/pitch_0_rot_90_fov_67_touch.png,pitch_0_rot_90_fov_67_touch.png
860,birdhouse_000/pitch_0_rot_-90_fov_27_touch.png,pitch_0_rot_-90_fov_27_touch.png
861,birdhouse_000/pitch_15_rot_45_fov_73_touch.png,pitch_15_rot_45_fov_73_touch.png
862,birdhouse_000/pitch_0_rot_0_fov_35_touch.png,pitch_0_rot_0_fov_35_touch.png
863,birdhouse_000/pitch_15_rot_0_fov_46_touch.png,pitch_15_rot_0_fov_46_touch.png
864,birdhouse_000/pitch_30_rot_45_fov_42_touch.png,pitch_30_rot_45_fov_42_touch.png
865,birdhouse_000/pitch_0_rot_45_fov_21_touch.png,pitch_0_rot_45_fov_21_touch.png
866,birdhouse_000/pitch_0_rot_-45_fov_87_touch.png,pitch_0_rot_-45_fov_87_touch.png
867,birdhouse_000/pitch_15_rot_-45_fov_82_touch.png,pitch_15_rot_-45_fov_82_touch.png
868,birdhouse_000/pitch_30_rot_0_fov_45_touch.png,pitch_30_rot_0_fov_45_touch.png
869,birdhouse_000/pitch_30_rot_-45_fov_72_touch.png,pitch_30_rot_-45_fov_72_touch.png
870,bowl_0010/pitch_0_rot_0_fov_75_touch.png,pitch_0_rot_0_fov_75_touch.png
871,bowl_0010/pitch_30_rot_-90_fov_112_touch.png,pitch_30_rot_-90_fov_112_touch.png
872,bowl_0010/pitch_30_rot_-45_fov_63_touch.png,pitch_30_rot_-45_fov_63_touch.png
873,bowl_0010/pitch_0_rot_45_fov_89_touch.png,pitch_0_rot_45_fov_89_touch.png
874,bowl_0010/pitch_15_rot_45_fov_39_touch.png,pitch_15_rot_45_fov_39_touch.png
875,bowl_0010/pitch_15_rot_90_fov_119_touch.png,pitch_15_rot_90_fov_119_touch.png
876,bowl_0010/pitch_15_rot_0_fov_39_touch.png,pitch_15_rot_0_fov_39_touch.png
877,bowl_0010/pitch_30_rot_90_fov_74_touch.png,pitch_30_rot_90_fov_74_touch.png
878,bowl_0010/pitch_0_rot_-90_fov_46_touch.png,pitch_0_rot_-90_fov_46_touch.png
879,bowl_0010/pitch_0_rot_90_fov_83_touch.png,pitch_0_rot_90_fov_83_touch.png
880,bowl_0010/pitch_15_rot_-45_fov_107_touch.png,pitch_15_rot_-45_fov_107_touch.png
881,bowl_0010/pitch_0_rot_-45_fov_41_touch.png,pitch_0_rot_-45_fov_41_touch.png
882,bowl_0010/pitch_15_rot_-90_fov_99_touch.png,pitch_15_rot_-90_fov_99_touch.png
883,bowl_0010/pitch_30_rot_45_fov_87_touch.png,pitch_30_rot_45_fov_87_touch.png
884,bowl_0010/pitch_30_rot_0_fov_41_touch.png,pitch_30_rot_0_fov_41_touch.png
885,pillow_001/pitch_30_rot_-90_fov_57_touch.png,pitch_30_rot_-90_fov_57_touch.png
886,pillow_001/pitch_0_rot_-45_fov_83_touch.png,pitch_0_rot_-45_fov_83_touch.png
887,pillow_001/pitch_15_rot_90_fov_47_touch.png,pitch_15_rot_90_fov_47_touch.png
888,pillow_001/pitch_30_rot_-45_fov_122_touch.png,pitch_30_rot_-45_fov_122_touch.png
889,pillow_001/pitch_15_rot_45_fov_71_touch.png,pitch_15_rot_45_fov_71_touch.png
890,pillow_001/pitch_15_rot_0_fov_43_touch.png,pitch_15_rot_0_fov_43_touch.png
891,pillow_001/pitch_15_rot_-90_fov_52_touch.png,pitch_15_rot_-90_fov_52_touch.png
892,pillow_001/pitch_0_rot_45_fov_74_touch.png,pitch_0_rot_45_fov_74_touch.png
893,pillow_001/pitch_30_rot_90_fov_102_touch.png,pitch_30_rot_90_fov_102_touch.png
894,pillow_001/pitch_0_rot_-90_fov_36_touch.png,pitch_0_rot_-90_fov_36_touch.png
895,pillow_001/pitch_0_rot_0_fov_50_touch.png,pitch_0_rot_0_fov_50_touch.png
896,pillow_001/pitch_0_rot_90_fov_39_touch.png,pitch_0_rot_90_fov_39_touch.png
897,pillow_001/pitch_30_rot_45_fov_122_touch.png,pitch_30_rot_45_fov_122_touch.png
898,pillow_001/pitch_30_rot_0_fov_75_touch.png,pitch_30_rot_0_fov_75_touch.png
899,pillow_001/pitch_15_rot_-45_fov_78_touch.png,pitch_15_rot_-45_fov_78_touch.png
